,ADWIN,CUSUM,DDM,EDDM,HDDMAverage,HDDMWeighted,Prediction,Ground-Truth
1644,0.0,0.0,1.0,0.0,0.0,0.0,0.0,0.0
2505,0.0,0.0,1.0,0.0,0.0,1.0,0.0,0.0
4015,0.0,0.0,1.0,0.0,0.0,0.0,0.0,0.0
4187,0.0,0.0,1.0,0.0,0.0,1.0,0.0,0.0
5402,0.0,0.0,2.0,0.0,0.0,1.0,0.0,0.0
6088,0.0,0.0,2.0,0.0,0.0,2.0,0.0,0.0
6903,0.0,0.0,0.0,0.0,0.0,2.0,0.0,0.0
7053,0.0,0.0,1.0,0.0,0.0,2.0,0.0,0.0
7086,0.0,0.0,1.0,0.0,1.0,2.0,0.0,0.0
7589,0.0,0.0,1.0,0.0,1.0,0.0,0.0,0.0
8124,0.0,2.0,1.0,0.0,1.0,0.0,0.0,0.0
8475,0.0,2.0,1.0,0.0,1.0,1.0,0.0,0.0
8590,0.0,2.0,1.0,0.0,0.0,1.0,0.0,0.0
9625,0.0,0.0,1.0,0.0,0.0,1.0,0.0,0.0
10781,0.0,0.0,0.0,0.0,0.0,1.0,0.0,0.0
13386,0.0,0.0,0.0,0.0,0.0,0.0,0.0,0.0
14813,0.0,0.0,0.0,0.0,0.0,1.0,0.0,0.0
16866,0.0,0.0,0.0,0.0,0.0,0.0,0.0,0.0
16890,0.0,0.0,0.0,0.0,0.0,1.0,0.0,0.0
18395,0.0,0.0,0.0,0.0,0.0,0.0,0.0,0.0
18434,0.0,0.0,0.0,1.0,0.0,0.0,0.0,0.0
19354,0.0,0.0,0.0,1.0,0.0,1.0,0.0,0.0
19906,0.0,0.0,0.0,1.0,0.0,2.0,0.0,0.0
21407,0.0,0.0,0.0,1.0,0.0,0.0,0.0,0.0
21457,0.0,0.0,0.0,1.0,0.0,1.0,0.0,0.0
22513,0.0,0.0,0.0,1.0,0.0,2.0,0.0,0.0
24014,0.0,0.0,0.0,1.0,0.0,0.0,0.0,0.0
24823,0.0,0.0,0.0,1.0,0.0,1.0,0.0,0.0
32450,0.0,0.0,0.0,1.0,0.0,0.0,0.0,0.0
33345,0.0,0.0,0.0,1.0,0.0,1.0,0.0,0.0
34905,0.0,0.0,0.0,1.0,0.0,2.0,0.0,0.0
36406,0.0,0.0,0.0,1.0,0.0,0.0,0.0,0.0
38250,0.0,0.0,0.0,1.0,0.0,1.0,0.0,0.0
38262,0.0,0.0,0.0,1.0,0.0,2.0,0.0,0.0
39763,0.0,0.0,0.0,1.0,0.0,0.0,0.0,0.0
41893,0.0,0.0,0.0,1.0,0.0,1.0,0.0,0.0
44475,0.0,0.0,0.0,1.0,0.0,0.0,0.0,0.0
46127,0.0,0.0,0.0,1.0,0.0,1.0,0.0,0.0
46129,0.0,0.0,0.0,1.0,0.0,2.0,0.0,0.0
46215,0.0,0.0,0.0,1.0,1.0,2.0,0.0,0.0
46651,0.0,0.0,0.0,2.0,1.0,2.0,0.0,0.0
47630,0.0,0.0,0.0,2.0,1.0,0.0,0.0,0.0
47716,0.0,0.0,0.0,2.0,0.0,0.0,0.0,0.0
48226,0.0,0.0,0.0,2.0,0.0,1.0,0.0,0.0
49749,0.0,0.0,0.0,2.0,1.0,1.0,0.0,0.0
49845,0.0,0.0,0.0,1.0,1.0,1.0,0.0,0.0
52378,0.0,0.0,0.0,1.0,0.0,1.0,0.0,0.0
52395,0.0,0.0,0.0,1.0,0.0,2.0,0.0,0.0
53896,0.0,0.0,0.0,1.0,0.0,0.0,0.0,0.0
54157,0.0,0.0,0.0,1.0,0.0,1.0,0.0,0.0
54159,0.0,0.0,0.0,1.0,0.0,2.0,0.0,0.0
55179,0.0,0.0,0.0,2.0,0.0,2.0,0.0,0.0
55660,0.0,0.0,0.0,2.0,0.0,0.0,0.0,0.0
56680,0.0,0.0,0.0,1.0,0.0,0.0,0.0,0.0
56783,0.0,0.0,0.0,1.0,0.0,1.0,0.0,0.0
56791,0.0,0.0,0.0,1.0,0.0,2.0,0.0,0.0
58450,0.0,2.0,0.0,1.0,0.0,2.0,0.0,0.0
59446,0.0,2.0,0.0,1.0,0.0,0.0,0.0,0.0
59951,0.0,0.0,0.0,1.0,0.0,0.0,0.0,0.0
62096,0.0,0.0,0.0,1.0,0.0,1.0,0.0,0.0
62305,0.0,0.0,0.0,0.0,0.0,1.0,0.0,0.0
65766,0.0,0.0,0.0,0.0,0.0,2.0,0.0,0.0
67267,0.0,0.0,0.0,0.0,0.0,0.0,0.0,0.0
67391,0.0,0.0,0.0,0.0,0.0,1.0,0.0,0.0
67975,0.0,0.0,0.0,1.0,0.0,1.0,0.0,0.0
68116,0.0,2.0,0.0,1.0,0.0,1.0,0.0,0.0
69290,0.0,2.0,0.0,1.0,0.0,0.0,0.0,0.0
69617,0.0,0.0,0.0,1.0,0.0,0.0,0.0,0.0
69878,0.0,0.0,0.0,1.0,0.0,1.0,0.0,0.0
69907,0.0,0.0,0.0,0.0,0.0,1.0,0.0,0.0
70515,0.0,0.0,0.0,1.0,0.0,1.0,0.0,0.0
71388,0.0,0.0,0.0,1.0,0.0,0.0,0.0,0.0
72488,0.0,0.0,0.0,0.0,0.0,0.0,0.0,0.0
72922,0.0,0.0,0.0,0.0,0.0,1.0,0.0,0.0
75031,0.0,0.0,0.0,0.0,0.0,0.0,0.0,0.0
75198,0.0,0.0,0.0,0.0,0.0,1.0,0.0,0.0
76699,0.0,0.0,0.0,0.0,0.0,0.0,0.0,0.0
77420,0.0,0.0,0.0,0.0,0.0,1.0,0.0,0.0
78501,0.0,2.0,0.0,0.0,0.0,1.0,0.0,0.0
80002,0.0,0.0,0.0,0.0,0.0,1.0,0.0,0.0
80289,0.0,0.0,0.0,0.0,0.0,0.0,0.0,0.0
80995,0.0,0.0,0.0,0.0,0.0,1.0,0.0,0.0
80997,0.0,0.0,0.0,0.0,0.0,2.0,0.0,0.0
81855,0.0,0.0,0.0,0.0,1.0,2.0,0.0,0.0
82498,0.0,0.0,0.0,0.0,1.0,0.0,0.0,0.0
83663,0.0,0.0,0.0,0.0,0.0,0.0,0.0,0.0
84849,0.0,0.0,0.0,0.0,0.0,1.0,0.0,0.0
87771,0.0,0.0,0.0,0.0,1.0,1.0,0.0,0.0
87965,0.0,0.0,0.0,0.0,1.0,0.0,0.0,0.0
89272,0.0,0.0,0.0,0.0,0.0,0.0,0.0,0.0
89579,0.0,0.0,0.0,0.0,0.0,1.0,0.0,0.0
94201,0.0,0.0,0.0,0.0,0.0,0.0,0.0,0.0
94864,0.0,0.0,0.0,0.0,0.0,1.0,0.0,0.0
94870,0.0,0.0,0.0,0.0,0.0,2.0,0.0,0.0
94872,0.0,0.0,0.0,0.0,1.0,2.0,0.0,0.0
96371,0.0,0.0,0.0,0.0,1.0,0.0,0.0,0.0
96379,0.0,0.0,0.0,0.0,0.0,0.0,0.0,0.0
96701,0.0,0.0,0.0,0.0,0.0,1.0,0.0,0.0
100580,0.0,0.0,0.0,0.0,0.0,0.0,0.0,0.0
108663,0.0,0.0,0.0,0.0,0.0,1.0,0.0,0.0
108664,0.0,0.0,0.0,0.0,0.0,2.0,0.0,0.0
110165,0.0,0.0,0.0,0.0,0.0,0.0,0.0,0.0
112351,0.0,0.0,0.0,0.0,0.0,1.0,0.0,0.0
113877,0.0,0.0,0.0,0.0,0.0,0.0,0.0,0.0
114215,0.0,0.0,0.0,0.0,0.0,1.0,0.0,0.0
115716,0.0,0.0,0.0,0.0,0.0,0.0,0.0,0.0
116782,0.0,0.0,0.0,0.0,0.0,1.0,0.0,0.0
118286,0.0,0.0,0.0,0.0,0.0,0.0,0.0,0.0
118335,0.0,0.0,0.0,0.0,0.0,1.0,0.0,0.0
119846,0.0,0.0,0.0,0.0,0.0,0.0,0.0,0.0
119905,0.0,0.0,0.0,0.0,0.0,1.0,0.0,0.0
120142,0.0,0.0,0.0,0.0,0.0,2.0,0.0,0.0
121643,0.0,0.0,0.0,0.0,0.0,0.0,0.0,0.0
121936,0.0,0.0,0.0,0.0,0.0,1.0,0.0,0.0
123717,0.0,0.0,0.0,0.0,0.0,0.0,0.0,0.0
125127,0.0,0.0,0.0,0.0,0.0,1.0,0.0,0.0
128100,0.0,0.0,0.0,0.0,0.0,2.0,0.0,0.0
129601,0.0,0.0,0.0,0.0,0.0,0.0,0.0,0.0
130555,0.0,0.0,0.0,0.0,0.0,1.0,0.0,0.0
133278,0.0,0.0,0.0,0.0,0.0,0.0,0.0,0.0
134767,0.0,0.0,0.0,0.0,0.0,1.0,0.0,0.0
136268,0.0,0.0,0.0,0.0,0.0,0.0,0.0,0.0
137479,0.0,0.0,0.0,0.0,0.0,1.0,0.0,0.0
137750,0.0,0.0,0.0,0.0,0.0,2.0,0.0,0.0
139251,0.0,0.0,0.0,0.0,0.0,0.0,0.0,0.0
139501,0.0,0.0,0.0,0.0,0.0,1.0,0.0,0.0
140841,0.0,0.0,0.0,0.0,0.0,2.0,0.0,0.0
142342,0.0,0.0,0.0,0.0,0.0,0.0,0.0,0.0
143848,0.0,0.0,0.0,0.0,0.0,1.0,0.0,0.0
143859,0.0,0.0,0.0,0.0,0.0,2.0,0.0,0.0
145360,0.0,0.0,0.0,0.0,0.0,0.0,0.0,0.0
150635,0.0,0.0,0.0,0.0,0.0,1.0,0.0,0.0
152153,0.0,0.0,0.0,0.0,0.0,0.0,0.0,0.0
154451,0.0,0.0,0.0,0.0,0.0,1.0,0.0,0.0
156829,0.0,0.0,0.0,0.0,0.0,0.0,0.0,0.0
160606,0.0,0.0,0.0,0.0,0.0,1.0,0.0,0.0
162110,0.0,0.0,0.0,0.0,0.0,0.0,0.0,0.0
164183,0.0,0.0,0.0,0.0,0.0,1.0,0.0,0.0
165686,0.0,0.0,0.0,0.0,0.0,0.0,0.0,0.0
169569,0.0,0.0,0.0,0.0,0.0,1.0,0.0,0.0
171070,0.0,0.0,0.0,0.0,0.0,0.0,0.0,0.0
171459,0.0,0.0,0.0,0.0,0.0,1.0,0.0,0.0
172968,0.0,0.0,0.0,0.0,0.0,0.0,0.0,0.0
180556,0.0,0.0,0.0,0.0,0.0,1.0,0.0,0.0
182057,0.0,0.0,0.0,0.0,0.0,0.0,0.0,0.0
184083,0.0,0.0,0.0,0.0,0.0,1.0,0.0,0.0
185584,0.0,0.0,0.0,0.0,0.0,0.0,0.0,0.0
186565,0.0,0.0,0.0,0.0,0.0,1.0,0.0,0.0
189462,0.0,0.0,0.0,0.0,0.0,0.0,0.0,0.0
189487,0.0,0.0,0.0,0.0,0.0,1.0,0.0,0.0
189501,0.0,0.0,0.0,0.0,0.0,2.0,0.0,0.0
191002,0.0,0.0,0.0,0.0,0.0,0.0,0.0,0.0
193909,0.0,0.0,0.0,0.0,0.0,1.0,0.0,0.0
194446,0.0,0.0,0.0,0.0,0.0,2.0,0.0,0.0
195947,0.0,0.0,0.0,0.0,0.0,0.0,0.0,0.0
196720,0.0,0.0,0.0,0.0,0.0,1.0,0.0,0.0
197356,0.0,0.0,0.0,0.0,0.0,2.0,0.0,0.0
198857,0.0,0.0,0.0,0.0,0.0,0.0,0.0,0.0
199037,0.0,0.0,0.0,0.0,0.0,1.0,0.0,0.0
201000,0.0,0.0,0.0,0.0,0.0,1.0,0.0,1.0
201001,0.0,0.0,0.0,0.0,0.0,1.0,0.0,0.0
203111,0.0,2.0,0.0,0.0,0.0,1.0,0.0,0.0
203147,2.0,2.0,0.0,0.0,0.0,1.0,1.0,0.0
203148,0.0,0.0,0.0,0.0,0.0,0.0,0.0,0.0
203180,0.0,0.0,1.0,0.0,0.0,0.0,0.0,0.0
203237,0.0,0.0,1.0,1.0,0.0,0.0,0.0,0.0
203452,0.0,0.0,1.0,2.0,0.0,0.0,0.0,0.0
205187,0.0,0.0,1.0,0.0,0.0,0.0,0.0,0.0
205266,0.0,0.0,0.0,0.0,0.0,0.0,0.0,0.0
205517,0.0,0.0,0.0,1.0,0.0,0.0,0.0,0.0
206398,0.0,0.0,0.0,1.0,0.0,1.0,0.0,0.0
207387,0.0,0.0,0.0,0.0,0.0,1.0,0.0,0.0
207913,0.0,0.0,0.0,0.0,0.0,0.0,0.0,0.0
208970,0.0,0.0,0.0,0.0,0.0,1.0,0.0,0.0
208986,0.0,0.0,0.0,0.0,0.0,2.0,0.0,0.0
210051,0.0,0.0,1.0,0.0,0.0,2.0,0.0,0.0
210487,0.0,0.0,1.0,0.0,0.0,0.0,0.0,0.0
211562,0.0,0.0,0.0,0.0,0.0,0.0,0.0,0.0
212083,0.0,0.0,0.0,0.0,0.0,1.0,0.0,0.0
215445,0.0,0.0,0.0,1.0,0.0,1.0,0.0,0.0
218741,0.0,2.0,0.0,1.0,0.0,1.0,0.0,0.0
218744,0.0,2.0,1.0,1.0,0.0,1.0,0.0,0.0
220242,0.0,0.0,1.0,1.0,0.0,1.0,0.0,0.0
220251,0.0,0.0,1.0,1.0,0.0,0.0,0.0,0.0
220369,0.0,0.0,0.0,1.0,0.0,0.0,0.0,0.0
220546,0.0,0.0,0.0,1.0,0.0,1.0,0.0,0.0
220920,0.0,0.0,1.0,1.0,0.0,1.0,0.0,0.0
222057,0.0,0.0,1.0,1.0,0.0,0.0,0.0,0.0
222457,0.0,0.0,1.0,1.0,0.0,1.0,0.0,0.0
222785,0.0,0.0,0.0,1.0,0.0,1.0,0.0,0.0
223963,0.0,0.0,0.0,1.0,0.0,0.0,0.0,0.0
224211,0.0,0.0,0.0,1.0,0.0,1.0,0.0,0.0
224663,0.0,0.0,0.0,0.0,0.0,1.0,0.0,0.0
224932,0.0,0.0,0.0,0.0,0.0,2.0,0.0,0.0
225024,0.0,0.0,0.0,1.0,0.0,2.0,0.0,0.0
225295,0.0,0.0,1.0,1.0,0.0,2.0,0.0,0.0
226433,0.0,0.0,1.0,1.0,0.0,0.0,0.0,0.0
226434,0.0,0.0,1.0,1.0,0.0,1.0,0.0,0.0
227950,0.0,0.0,1.0,1.0,0.0,0.0,0.0,0.0
228005,0.0,0.0,0.0,1.0,0.0,0.0,0.0,0.0
228442,0.0,0.0,0.0,0.0,0.0,0.0,0.0,0.0
228785,0.0,0.0,0.0,1.0,0.0,0.0,0.0,0.0
229074,0.0,0.0,0.0,1.0,0.0,1.0,0.0,0.0
229076,0.0,0.0,0.0,1.0,0.0,2.0,0.0,0.0
229080,0.0,0.0,1.0,1.0,0.0,2.0,0.0,0.0
230577,0.0,0.0,1.0,1.0,0.0,0.0,0.0,0.0
230649,0.0,0.0,0.0,1.0,0.0,0.0,0.0,0.0
231214,0.0,0.0,0.0,0.0,0.0,0.0,0.0,0.0
232109,0.0,0.0,0.0,0.0,0.0,1.0,0.0,0.0
232790,0.0,0.0,0.0,0.0,0.0,2.0,0.0,0.0
235551,0.0,0.0,0.0,0.0,0.0,0.0,0.0,0.0
236859,0.0,0.0,0.0,0.0,0.0,1.0,0.0,0.0
238372,0.0,0.0,0.0,0.0,0.0,0.0,0.0,0.0
238473,0.0,0.0,0.0,0.0,0.0,1.0,0.0,0.0
238475,0.0,0.0,0.0,0.0,0.0,2.0,0.0,0.0
242416,0.0,0.0,0.0,0.0,0.0,0.0,0.0,0.0
243476,0.0,0.0,0.0,0.0,0.0,1.0,0.0,0.0
244930,0.0,0.0,0.0,1.0,0.0,1.0,0.0,0.0
244983,0.0,0.0,0.0,1.0,0.0,0.0,0.0,0.0
245327,0.0,0.0,0.0,1.0,0.0,1.0,0.0,0.0
245330,0.0,0.0,0.0,1.0,0.0,2.0,0.0,0.0
245401,0.0,2.0,0.0,1.0,0.0,2.0,0.0,0.0
246902,0.0,0.0,0.0,1.0,0.0,2.0,0.0,0.0
247097,0.0,0.0,0.0,0.0,0.0,2.0,0.0,0.0
248064,0.0,0.0,0.0,0.0,0.0,0.0,0.0,0.0
248587,0.0,0.0,0.0,0.0,0.0,1.0,0.0,0.0
249967,0.0,0.0,0.0,1.0,0.0,1.0,0.0,0.0
251677,0.0,0.0,0.0,0.0,0.0,1.0,0.0,0.0
252360,0.0,0.0,0.0,0.0,1.0,1.0,0.0,0.0
252362,0.0,0.0,0.0,0.0,2.0,2.0,0.0,0.0
253863,0.0,0.0,0.0,0.0,2.0,0.0,0.0,0.0
253904,0.0,0.0,0.0,0.0,0.0,0.0,0.0,0.0
255048,0.0,0.0,0.0,0.0,0.0,1.0,0.0,0.0
257613,0.0,0.0,0.0,0.0,0.0,0.0,0.0,0.0
259669,0.0,0.0,0.0,0.0,0.0,1.0,0.0,0.0
263253,0.0,0.0,0.0,0.0,0.0,0.0,0.0,0.0
263743,0.0,0.0,0.0,0.0,0.0,1.0,0.0,0.0
265524,0.0,0.0,0.0,0.0,0.0,2.0,0.0,0.0
266953,0.0,0.0,0.0,0.0,1.0,2.0,0.0,0.0
266954,0.0,0.0,0.0,0.0,2.0,2.0,0.0,0.0
267025,0.0,0.0,0.0,0.0,2.0,0.0,0.0,0.0
267523,0.0,0.0,0.0,0.0,2.0,1.0,0.0,0.0
268455,0.0,0.0,0.0,0.0,0.0,1.0,0.0,0.0
271465,0.0,0.0,0.0,0.0,0.0,0.0,0.0,0.0
271702,0.0,0.0,0.0,0.0,0.0,1.0,0.0,0.0
271818,0.0,0.0,0.0,0.0,0.0,2.0,0.0,0.0
273319,0.0,0.0,0.0,0.0,0.0,0.0,0.0,0.0
275211,0.0,0.0,0.0,0.0,0.0,1.0,0.0,0.0
276684,0.0,0.0,0.0,0.0,0.0,2.0,0.0,0.0
277585,0.0,2.0,0.0,0.0,0.0,2.0,0.0,0.0
278185,0.0,2.0,0.0,0.0,0.0,0.0,0.0,0.0
278689,0.0,2.0,0.0,0.0,0.0,1.0,0.0,0.0
279086,0.0,0.0,0.0,0.0,0.0,1.0,0.0,0.0
280190,0.0,0.0,0.0,0.0,0.0,0.0,0.0,0.0
280411,0.0,0.0,0.0,0.0,0.0,1.0,0.0,0.0
281164,0.0,0.0,0.0,0.0,0.0,2.0,0.0,0.0
282384,0.0,0.0,0.0,1.0,0.0,2.0,0.0,0.0
282665,0.0,0.0,0.0,1.0,0.0,0.0,0.0,0.0
282752,0.0,0.0,0.0,1.0,0.0,1.0,0.0,0.0
287118,0.0,0.0,0.0,1.0,0.0,0.0,0.0,0.0
289379,0.0,0.0,0.0,1.0,0.0,1.0,0.0,0.0
291203,0.0,0.0,0.0,1.0,0.0,0.0,0.0,0.0
291460,0.0,0.0,0.0,1.0,0.0,1.0,0.0,0.0
292963,0.0,0.0,0.0,1.0,0.0,0.0,0.0,0.0
293755,0.0,0.0,0.0,1.0,0.0,1.0,0.0,0.0
297670,0.0,0.0,0.0,1.0,0.0,0.0,0.0,0.0
297920,0.0,0.0,0.0,1.0,0.0,1.0,0.0,0.0
300500,0.0,0.0,0.0,1.0,0.0,0.0,0.0,0.0
300529,0.0,0.0,0.0,1.0,0.0,1.0,0.0,0.0
301645,0.0,0.0,0.0,1.0,0.0,2.0,0.0,0.0
303146,0.0,0.0,0.0,1.0,0.0,0.0,0.0,0.0
303909,0.0,0.0,0.0,1.0,1.0,0.0,0.0,0.0
304008,0.0,0.0,0.0,1.0,1.0,1.0,0.0,0.0
305225,0.0,0.0,0.0,0.0,1.0,1.0,0.0,0.0
305410,0.0,0.0,0.0,0.0,0.0,1.0,0.0,0.0
306810,0.0,0.0,0.0,0.0,0.0,0.0,0.0,0.0
307786,0.0,0.0,0.0,0.0,0.0,1.0,0.0,0.0
310218,0.0,0.0,0.0,0.0,0.0,0.0,0.0,0.0
313702,0.0,0.0,0.0,0.0,0.0,1.0,0.0,0.0
313709,0.0,0.0,0.0,0.0,0.0,2.0,0.0,0.0
315210,0.0,0.0,0.0,0.0,0.0,0.0,0.0,0.0
315583,0.0,0.0,0.0,0.0,1.0,1.0,0.0,0.0
317084,0.0,0.0,0.0,0.0,0.0,1.0,0.0,0.0
317829,0.0,0.0,0.0,0.0,0.0,0.0,0.0,0.0
322528,0.0,0.0,0.0,0.0,0.0,1.0,0.0,0.0
324031,0.0,0.0,0.0,0.0,0.0,0.0,0.0,0.0
325177,0.0,0.0,0.0,0.0,0.0,1.0,0.0,0.0
326678,0.0,0.0,0.0,0.0,0.0,0.0,0.0,0.0
327338,0.0,0.0,0.0,0.0,0.0,1.0,0.0,0.0
327974,0.0,0.0,0.0,0.0,0.0,2.0,0.0,0.0
329475,0.0,0.0,0.0,0.0,0.0,0.0,0.0,0.0
330337,0.0,0.0,0.0,0.0,0.0,1.0,0.0,0.0
330339,0.0,0.0,0.0,0.0,0.0,2.0,0.0,0.0
331840,0.0,0.0,0.0,0.0,0.0,0.0,0.0,0.0
331979,0.0,0.0,0.0,0.0,0.0,1.0,0.0,0.0
333480,0.0,0.0,0.0,0.0,0.0,0.0,0.0,0.0
333641,0.0,0.0,0.0,0.0,0.0,1.0,0.0,0.0
334623,0.0,0.0,0.0,0.0,0.0,2.0,0.0,0.0
336124,0.0,0.0,0.0,0.0,0.0,0.0,0.0,0.0
336808,0.0,0.0,0.0,0.0,0.0,1.0,0.0,0.0
338309,0.0,0.0,0.0,0.0,0.0,0.0,0.0,0.0
339925,0.0,0.0,0.0,0.0,0.0,1.0,0.0,0.0
341429,0.0,0.0,0.0,0.0,0.0,0.0,0.0,0.0
342398,0.0,0.0,0.0,0.0,0.0,1.0,0.0,0.0
343899,0.0,0.0,0.0,0.0,0.0,0.0,0.0,0.0
344850,0.0,0.0,0.0,0.0,1.0,0.0,0.0,0.0
345185,0.0,0.0,0.0,0.0,1.0,1.0,0.0,0.0
346351,0.0,0.0,0.0,0.0,0.0,1.0,0.0,0.0
347129,0.0,0.0,0.0,0.0,0.0,0.0,0.0,0.0
350754,0.0,0.0,0.0,0.0,0.0,1.0,0.0,0.0
352350,0.0,0.0,0.0,0.0,0.0,0.0,0.0,0.0
355548,0.0,0.0,0.0,0.0,0.0,1.0,0.0,0.0
357049,0.0,0.0,0.0,0.0,0.0,0.0,0.0,0.0
357709,0.0,0.0,0.0,0.0,0.0,1.0,0.0,0.0
357712,0.0,0.0,0.0,0.0,0.0,2.0,0.0,0.0
359213,0.0,0.0,0.0,0.0,0.0,0.0,0.0,0.0
360264,0.0,0.0,0.0,0.0,0.0,1.0,0.0,0.0
361767,0.0,0.0,0.0,0.0,0.0,0.0,0.0,0.0
363450,0.0,0.0,0.0,0.0,1.0,0.0,0.0,0.0
364951,0.0,0.0,0.0,0.0,0.0,0.0,0.0,0.0
364989,0.0,0.0,0.0,0.0,0.0,1.0,0.0,0.0
365039,0.0,0.0,0.0,0.0,0.0,2.0,0.0,0.0
366540,0.0,0.0,0.0,0.0,0.0,0.0,0.0,0.0
371213,0.0,0.0,0.0,0.0,0.0,1.0,0.0,0.0
372108,0.0,0.0,0.0,0.0,0.0,2.0,0.0,0.0
373609,0.0,0.0,0.0,0.0,0.0,0.0,0.0,0.0
377958,0.0,0.0,0.0,0.0,0.0,1.0,0.0,0.0
379459,0.0,0.0,0.0,0.0,0.0,0.0,0.0,0.0
380024,0.0,0.0,0.0,0.0,0.0,1.0,0.0,0.0
381528,0.0,0.0,0.0,0.0,0.0,0.0,0.0,0.0
381731,0.0,0.0,0.0,0.0,0.0,1.0,0.0,0.0
383303,0.0,0.0,0.0,0.0,0.0,0.0,0.0,0.0
383709,0.0,0.0,0.0,0.0,0.0,1.0,0.0,0.0
387534,0.0,0.0,0.0,0.0,0.0,0.0,0.0,0.0
390644,0.0,0.0,0.0,0.0,0.0,1.0,0.0,0.0
393044,0.0,0.0,0.0,0.0,0.0,2.0,0.0,0.0
394545,0.0,0.0,0.0,0.0,0.0,0.0,0.0,0.0
395177,0.0,0.0,0.0,0.0,0.0,1.0,0.0,0.0
398505,0.0,0.0,0.0,0.0,0.0,0.0,0.0,0.0
402383,0.0,0.0,0.0,0.0,0.0,1.0,0.0,0.0
403000,0.0,0.0,0.0,0.0,0.0,1.0,0.0,1.0
403001,0.0,0.0,0.0,0.0,0.0,1.0,0.0,0.0
404203,0.0,0.0,0.0,0.0,0.0,2.0,0.0,0.0
405016,0.0,0.0,0.0,0.0,1.0,2.0,0.0,0.0
405064,0.0,2.0,0.0,0.0,1.0,2.0,0.0,0.0
405157,0.0,2.0,0.0,0.0,2.0,2.0,0.0,0.0
405259,2.0,2.0,0.0,0.0,2.0,2.0,0.0,0.0
405704,2.0,2.0,0.0,0.0,2.0,0.0,0.0,0.0
405807,2.0,2.0,0.0,0.0,2.0,1.0,0.0,0.0
406565,2.0,0.0,0.0,0.0,2.0,1.0,1.0,0.0
406566,0.0,0.0,0.0,0.0,0.0,0.0,0.0,0.0
406665,0.0,0.0,1.0,0.0,0.0,0.0,0.0,0.0
406686,0.0,0.0,1.0,2.0,0.0,0.0,0.0,0.0
408214,0.0,0.0,1.0,2.0,0.0,1.0,0.0,0.0
408744,0.0,0.0,1.0,1.0,0.0,1.0,0.0,0.0
408983,0.0,0.0,0.0,1.0,0.0,1.0,0.0,0.0
409504,0.0,0.0,0.0,1.0,0.0,2.0,0.0,0.0
411005,0.0,0.0,0.0,1.0,0.0,0.0,0.0,0.0
411604,0.0,0.0,0.0,1.0,0.0,1.0,0.0,0.0
411606,0.0,0.0,0.0,1.0,0.0,2.0,0.0,0.0
414190,0.0,0.0,0.0,1.0,0.0,0.0,0.0,0.0
416438,0.0,0.0,0.0,1.0,0.0,1.0,0.0,0.0
416440,0.0,0.0,0.0,1.0,0.0,2.0,0.0,0.0
417941,0.0,0.0,0.0,1.0,0.0,0.0,0.0,0.0
418311,0.0,0.0,0.0,1.0,0.0,1.0,0.0,0.0
418313,0.0,0.0,0.0,1.0,0.0,2.0,0.0,0.0
419407,0.0,0.0,0.0,0.0,0.0,2.0,0.0,0.0
419814,0.0,0.0,0.0,0.0,0.0,0.0,0.0,0.0
421428,0.0,0.0,0.0,0.0,0.0,1.0,0.0,0.0
426994,0.0,0.0,0.0,0.0,0.0,0.0,0.0,0.0
428613,0.0,0.0,0.0,0.0,0.0,1.0,0.0,0.0
431347,0.0,0.0,0.0,0.0,0.0,0.0,0.0,0.0
431576,0.0,0.0,0.0,0.0,0.0,1.0,0.0,0.0
433084,0.0,0.0,0.0,0.0,0.0,2.0,0.0,0.0
434585,0.0,0.0,0.0,0.0,0.0,0.0,0.0,0.0
435411,0.0,0.0,0.0,0.0,0.0,1.0,0.0,0.0
436945,0.0,0.0,0.0,0.0,0.0,2.0,0.0,0.0
438446,0.0,0.0,0.0,0.0,0.0,0.0,0.0,0.0
439439,0.0,0.0,0.0,0.0,0.0,1.0,0.0,0.0
442425,0.0,0.0,0.0,0.0,0.0,0.0,0.0,0.0
444068,0.0,0.0,0.0,0.0,0.0,1.0,0.0,0.0
444078,0.0,0.0,0.0,0.0,0.0,2.0,0.0,0.0
445579,0.0,0.0,0.0,0.0,0.0,0.0,0.0,0.0
445709,0.0,0.0,0.0,0.0,0.0,1.0,0.0,0.0
447004,0.0,0.0,0.0,0.0,0.0,2.0,0.0,0.0
449964,0.0,0.0,0.0,0.0,0.0,0.0,0.0,0.0
451186,0.0,0.0,0.0,0.0,0.0,1.0,0.0,0.0
455889,0.0,0.0,0.0,0.0,0.0,0.0,0.0,0.0
457354,0.0,0.0,0.0,0.0,0.0,1.0,0.0,0.0
457798,0.0,0.0,0.0,0.0,0.0,2.0,0.0,0.0
460388,0.0,0.0,0.0,0.0,0.0,0.0,0.0,0.0
460708,0.0,0.0,0.0,0.0,0.0,1.0,0.0,0.0
461280,0.0,0.0,0.0,0.0,0.0,2.0,0.0,0.0
462781,0.0,0.0,0.0,0.0,0.0,0.0,0.0,0.0
462867,0.0,0.0,0.0,0.0,0.0,1.0,0.0,0.0
464505,0.0,0.0,0.0,0.0,0.0,2.0,0.0,0.0
466537,0.0,2.0,0.0,0.0,0.0,2.0,0.0,0.0
467306,0.0,2.0,0.0,0.0,0.0,0.0,0.0,0.0
468038,0.0,0.0,0.0,0.0,0.0,0.0,0.0,0.0
470304,0.0,0.0,0.0,0.0,0.0,1.0,0.0,0.0
472919,0.0,0.0,0.0,0.0,0.0,0.0,0.0,0.0
474602,0.0,0.0,0.0,0.0,0.0,1.0,0.0,0.0
476108,0.0,0.0,0.0,0.0,0.0,0.0,0.0,0.0
477534,0.0,0.0,0.0,0.0,0.0,1.0,0.0,0.0
479035,0.0,0.0,0.0,0.0,0.0,0.0,0.0,0.0
479155,0.0,0.0,0.0,0.0,0.0,1.0,0.0,0.0
481850,0.0,0.0,0.0,0.0,0.0,0.0,0.0,0.0
482399,0.0,0.0,0.0,0.0,0.0,1.0,0.0,0.0
486648,0.0,0.0,0.0,0.0,0.0,2.0,0.0,0.0
488149,0.0,0.0,0.0,0.0,0.0,0.0,0.0,0.0
490307,0.0,0.0,0.0,0.0,0.0,1.0,0.0,0.0
491649,0.0,0.0,0.0,0.0,0.0,2.0,0.0,0.0
493150,0.0,0.0,0.0,0.0,0.0,0.0,0.0,0.0
493377,0.0,0.0,0.0,0.0,0.0,1.0,0.0,0.0
494886,0.0,0.0,0.0,0.0,0.0,0.0,0.0,0.0
494895,0.0,0.0,0.0,0.0,0.0,1.0,0.0,0.0
497439,0.0,0.0,0.0,0.0,0.0,0.0,0.0,0.0
497444,0.0,0.0,0.0,0.0,0.0,1.0,0.0,0.0
502288,0.0,0.0,0.0,0.0,0.0,0.0,0.0,0.0
502370,0.0,0.0,0.0,0.0,0.0,1.0,0.0,0.0
503540,0.0,0.0,0.0,0.0,0.0,2.0,0.0,0.0
505041,0.0,0.0,0.0,0.0,0.0,0.0,0.0,0.0
505453,0.0,0.0,0.0,0.0,0.0,1.0,0.0,0.0
507503,0.0,0.0,0.0,0.0,0.0,0.0,0.0,0.0
510311,0.0,0.0,0.0,0.0,0.0,1.0,0.0,0.0
511812,0.0,0.0,0.0,0.0,0.0,0.0,0.0,0.0
512950,0.0,0.0,0.0,0.0,0.0,1.0,0.0,0.0
515013,0.0,0.0,0.0,0.0,0.0,2.0,0.0,0.0
516514,0.0,0.0,0.0,0.0,0.0,0.0,0.0,0.0
516716,0.0,0.0,0.0,0.0,0.0,1.0,0.0,0.0
516718,0.0,0.0,0.0,0.0,0.0,2.0,0.0,0.0
518219,0.0,0.0,0.0,0.0,0.0,0.0,0.0,0.0
518236,0.0,0.0,0.0,0.0,0.0,1.0,0.0,0.0
518238,0.0,0.0,0.0,0.0,0.0,2.0,0.0,0.0
521066,0.0,0.0,0.0,0.0,0.0,0.0,0.0,0.0
521695,0.0,0.0,0.0,0.0,0.0,1.0,0.0,0.0
522366,0.0,0.0,0.0,0.0,0.0,2.0,0.0,0.0
523867,0.0,0.0,0.0,0.0,0.0,0.0,0.0,0.0
529388,0.0,0.0,0.0,0.0,0.0,1.0,0.0,0.0
530901,0.0,0.0,0.0,0.0,0.0,0.0,0.0,0.0
535081,0.0,0.0,0.0,0.0,0.0,1.0,0.0,0.0
536590,0.0,0.0,0.0,0.0,0.0,0.0,0.0,0.0
537121,0.0,0.0,0.0,0.0,0.0,1.0,0.0,0.0
538622,0.0,0.0,0.0,0.0,0.0,0.0,0.0,0.0
539760,0.0,0.0,0.0,0.0,0.0,1.0,0.0,0.0
542511,0.0,0.0,0.0,0.0,0.0,2.0,0.0,0.0
544012,0.0,0.0,0.0,0.0,0.0,0.0,0.0,0.0
545347,0.0,0.0,0.0,0.0,0.0,1.0,0.0,0.0
547974,0.0,0.0,0.0,0.0,0.0,0.0,0.0,0.0
548888,0.0,0.0,0.0,0.0,0.0,1.0,0.0,0.0
550390,0.0,0.0,0.0,0.0,0.0,0.0,0.0,0.0
551489,0.0,0.0,0.0,0.0,0.0,1.0,0.0,0.0
552992,0.0,0.0,0.0,0.0,0.0,0.0,0.0,0.0
556021,0.0,0.0,0.0,0.0,0.0,1.0,0.0,0.0
560052,0.0,0.0,0.0,0.0,0.0,0.0,0.0,0.0
560328,0.0,0.0,0.0,0.0,0.0,1.0,0.0,0.0
561834,0.0,0.0,0.0,0.0,0.0,0.0,0.0,0.0
569354,0.0,0.0,0.0,0.0,0.0,1.0,0.0,0.0
571997,0.0,0.0,0.0,0.0,0.0,0.0,0.0,0.0
572426,0.0,0.0,0.0,0.0,0.0,1.0,0.0,0.0
574032,0.0,0.0,0.0,0.0,0.0,2.0,0.0,0.0
575533,0.0,0.0,0.0,0.0,0.0,0.0,0.0,0.0
577019,0.0,0.0,0.0,0.0,0.0,1.0,0.0,0.0
578520,0.0,0.0,0.0,0.0,0.0,0.0,0.0,0.0
578988,0.0,0.0,0.0,0.0,0.0,1.0,0.0,0.0
578998,0.0,0.0,0.0,0.0,0.0,2.0,0.0,0.0
580499,0.0,0.0,0.0,0.0,0.0,0.0,0.0,0.0
582741,0.0,0.0,0.0,0.0,0.0,1.0,0.0,0.0
588681,0.0,0.0,0.0,0.0,0.0,0.0,0.0,0.0
589285,0.0,0.0,0.0,0.0,0.0,1.0,0.0,0.0
590788,0.0,0.0,0.0,0.0,0.0,0.0,0.0,0.0
591900,0.0,0.0,0.0,0.0,0.0,1.0,0.0,0.0
593803,0.0,0.0,0.0,0.0,0.0,0.0,0.0,0.0
596565,0.0,0.0,0.0,0.0,0.0,1.0,0.0,0.0
598796,0.0,0.0,0.0,0.0,0.0,0.0,0.0,0.0
599081,0.0,0.0,0.0,0.0,0.0,1.0,0.0,0.0
600281,0.0,0.0,0.0,0.0,0.0,2.0,0.0,0.0
601782,0.0,0.0,0.0,0.0,0.0,0.0,0.0,0.0
605000,0.0,0.0,0.0,0.0,0.0,0.0,0.0,1.0
605001,0.0,0.0,0.0,0.0,0.0,0.0,0.0,0.0
606333,0.0,0.0,0.0,0.0,1.0,0.0,0.0,0.0
606477,0.0,0.0,0.0,0.0,2.0,0.0,0.0,0.0
606571,0.0,2.0,0.0,0.0,2.0,0.0,0.0,0.0
606597,2.0,2.0,0.0,0.0,2.0,0.0,0.0,0.0
607215,2.0,2.0,0.0,0.0,2.0,1.0,0.0,0.0
607222,2.0,2.0,0.0,0.0,2.0,2.0,0.0,0.0
607978,2.0,2.0,0.0,0.0,0.0,2.0,1.0,0.0
607979,0.0,0.0,0.0,0.0,0.0,0.0,0.0,0.0
608023,0.0,0.0,1.0,0.0,0.0,0.0,0.0,0.0
608134,0.0,0.0,1.0,2.0,0.0,0.0,0.0,0.0
608359,0.0,0.0,1.0,2.0,0.0,1.0,0.0,0.0
608521,0.0,0.0,2.0,2.0,0.0,1.0,0.0,0.0
608525,0.0,0.0,2.0,2.0,1.0,1.0,0.0,0.0
610022,0.0,0.0,0.0,2.0,1.0,1.0,0.0,0.0
610033,0.0,0.0,0.0,2.0,0.0,1.0,0.0,0.0
613279,0.0,0.0,0.0,1.0,0.0,1.0,0.0,0.0
613444,0.0,0.0,0.0,1.0,0.0,2.0,0.0,0.0
613754,0.0,2.0,0.0,1.0,0.0,2.0,0.0,0.0
614945,0.0,2.0,0.0,1.0,0.0,0.0,0.0,0.0
615255,0.0,0.0,0.0,1.0,0.0,0.0,0.0,0.0
616764,0.0,0.0,0.0,1.0,0.0,1.0,0.0,0.0
617904,0.0,0.0,0.0,1.0,0.0,2.0,0.0,0.0
619405,0.0,0.0,0.0,1.0,0.0,0.0,0.0,0.0
619547,0.0,0.0,0.0,2.0,0.0,0.0,0.0,0.0
619717,0.0,0.0,0.0,2.0,0.0,1.0,0.0,0.0
619719,0.0,0.0,0.0,2.0,0.0,2.0,0.0,0.0
621220,0.0,0.0,0.0,2.0,0.0,0.0,0.0,0.0
622425,0.0,0.0,0.0,0.0,0.0,0.0,0.0,0.0
623334,0.0,0.0,0.0,0.0,0.0,1.0,0.0,0.0
623658,0.0,0.0,0.0,0.0,0.0,2.0,0.0,0.0
623781,0.0,0.0,0.0,0.0,1.0,2.0,0.0,0.0
625279,0.0,0.0,0.0,0.0,1.0,0.0,0.0,0.0
625284,0.0,0.0,0.0,0.0,0.0,0.0,0.0,0.0
627220,0.0,0.0,0.0,0.0,0.0,1.0,0.0,0.0
632232,0.0,0.0,0.0,0.0,0.0,0.0,0.0,0.0
633398,0.0,0.0,0.0,0.0,0.0,1.0,0.0,0.0
634899,0.0,0.0,0.0,0.0,0.0,0.0,0.0,0.0
635287,0.0,0.0,0.0,0.0,0.0,1.0,0.0,0.0
635289,0.0,0.0,0.0,0.0,0.0,2.0,0.0,0.0
636790,0.0,0.0,0.0,0.0,0.0,0.0,0.0,0.0
636951,0.0,0.0,0.0,0.0,0.0,1.0,0.0,0.0
636953,0.0,0.0,0.0,0.0,0.0,2.0,0.0,0.0
638454,0.0,0.0,0.0,0.0,0.0,0.0,0.0,0.0
638540,0.0,0.0,0.0,0.0,0.0,1.0,0.0,0.0
640343,0.0,0.0,0.0,0.0,0.0,2.0,0.0,0.0
640346,0.0,2.0,0.0,0.0,0.0,2.0,0.0,0.0
641844,0.0,2.0,0.0,0.0,0.0,0.0,0.0,0.0
641847,0.0,0.0,0.0,0.0,0.0,0.0,0.0,0.0
642003,0.0,0.0,0.0,0.0,0.0,1.0,0.0,0.0
643876,0.0,0.0,0.0,0.0,0.0,2.0,0.0,0.0
645377,0.0,0.0,0.0,0.0,0.0,0.0,0.0,0.0
646320,0.0,0.0,0.0,0.0,0.0,1.0,0.0,0.0
648348,0.0,0.0,0.0,0.0,0.0,2.0,0.0,0.0
649849,0.0,0.0,0.0,0.0,0.0,0.0,0.0,0.0
649881,0.0,0.0,0.0,0.0,0.0,1.0,0.0,0.0
649919,0.0,0.0,0.0,0.0,0.0,2.0,0.0,0.0
651420,0.0,0.0,0.0,0.0,0.0,0.0,0.0,0.0
651979,0.0,0.0,0.0,0.0,0.0,1.0,0.0,0.0
652659,0.0,0.0,0.0,0.0,0.0,2.0,0.0,0.0
654160,0.0,0.0,0.0,0.0,0.0,0.0,0.0,0.0
654755,0.0,0.0,0.0,0.0,0.0,1.0,0.0,0.0
658160,0.0,0.0,0.0,0.0,0.0,0.0,0.0,0.0
658333,0.0,0.0,0.0,0.0,0.0,1.0,0.0,0.0
660275,0.0,0.0,0.0,0.0,0.0,2.0,0.0,0.0
662541,0.0,0.0,0.0,0.0,0.0,0.0,0.0,0.0
664843,0.0,0.0,0.0,0.0,0.0,1.0,0.0,0.0
664845,0.0,0.0,0.0,0.0,0.0,2.0,0.0,0.0
666346,0.0,0.0,0.0,0.0,0.0,0.0,0.0,0.0
666512,0.0,0.0,0.0,0.0,0.0,1.0,0.0,0.0
668022,0.0,0.0,0.0,0.0,0.0,0.0,0.0,0.0
669415,0.0,0.0,0.0,0.0,0.0,1.0,0.0,0.0
670918,0.0,0.0,0.0,0.0,0.0,0.0,0.0,0.0
671361,0.0,2.0,0.0,0.0,0.0,0.0,0.0,0.0
672862,0.0,0.0,0.0,0.0,0.0,0.0,0.0,0.0
674608,0.0,0.0,0.0,0.0,0.0,1.0,0.0,0.0
676109,0.0,0.0,0.0,0.0,0.0,0.0,0.0,0.0
677205,0.0,0.0,0.0,0.0,0.0,1.0,0.0,0.0
677859,0.0,0.0,0.0,0.0,0.0,2.0,0.0,0.0
679360,0.0,0.0,0.0,0.0,0.0,0.0,0.0,0.0
679784,0.0,0.0,0.0,0.0,0.0,1.0,0.0,0.0
680684,0.0,0.0,0.0,0.0,0.0,2.0,0.0,0.0
682185,0.0,0.0,0.0,0.0,0.0,0.0,0.0,0.0
682325,0.0,0.0,0.0,0.0,0.0,1.0,0.0,0.0
685230,0.0,0.0,0.0,0.0,0.0,2.0,0.0,0.0
686396,0.0,0.0,0.0,0.0,1.0,2.0,0.0,0.0
686397,0.0,0.0,0.0,0.0,2.0,2.0,0.0,0.0
686731,0.0,0.0,0.0,0.0,2.0,0.0,0.0,0.0
687247,0.0,0.0,0.0,0.0,2.0,1.0,0.0,0.0
687898,0.0,0.0,0.0,0.0,0.0,1.0,0.0,0.0
692736,0.0,0.0,0.0,0.0,0.0,0.0,0.0,0.0
692827,0.0,0.0,0.0,0.0,0.0,1.0,0.0,0.0
693109,0.0,0.0,0.0,0.0,0.0,2.0,0.0,0.0
694610,0.0,0.0,0.0,0.0,0.0,0.0,0.0,0.0
695243,0.0,0.0,0.0,0.0,0.0,1.0,0.0,0.0
695248,0.0,0.0,0.0,0.0,0.0,2.0,0.0,0.0
696749,0.0,0.0,0.0,0.0,0.0,0.0,0.0,0.0
697967,0.0,0.0,0.0,0.0,0.0,1.0,0.0,0.0
697978,0.0,0.0,0.0,0.0,1.0,2.0,0.0,0.0
699479,0.0,0.0,0.0,0.0,0.0,0.0,0.0,0.0
700044,0.0,0.0,0.0,0.0,0.0,1.0,0.0,0.0
700046,0.0,0.0,0.0,0.0,0.0,2.0,0.0,0.0
702891,0.0,0.0,0.0,0.0,0.0,0.0,0.0,0.0
703543,0.0,2.0,0.0,0.0,0.0,0.0,0.0,0.0
704356,0.0,2.0,0.0,0.0,0.0,1.0,0.0,0.0
704358,0.0,2.0,0.0,0.0,0.0,2.0,0.0,0.0
705044,0.0,0.0,0.0,0.0,0.0,2.0,0.0,0.0
706643,0.0,0.0,0.0,0.0,0.0,0.0,0.0,0.0
706716,0.0,0.0,0.0,0.0,0.0,1.0,0.0,0.0
708221,0.0,0.0,0.0,0.0,0.0,0.0,0.0,0.0
709788,0.0,0.0,0.0,0.0,0.0,1.0,0.0,0.0
711301,0.0,0.0,0.0,0.0,0.0,0.0,0.0,0.0
717649,0.0,0.0,0.0,0.0,0.0,1.0,0.0,0.0
717651,0.0,0.0,0.0,0.0,0.0,2.0,0.0,0.0
719152,0.0,0.0,0.0,0.0,0.0,0.0,0.0,0.0
720761,0.0,0.0,0.0,0.0,0.0,1.0,0.0,0.0
724123,0.0,0.0,0.0,0.0,0.0,0.0,0.0,0.0
729319,0.0,0.0,0.0,0.0,0.0,1.0,0.0,0.0
730823,0.0,0.0,0.0,0.0,0.0,0.0,0.0,0.0
732779,0.0,0.0,0.0,0.0,0.0,1.0,0.0,0.0
734280,0.0,0.0,0.0,0.0,0.0,0.0,0.0,0.0
734688,0.0,0.0,0.0,0.0,0.0,1.0,0.0,0.0
734715,0.0,0.0,0.0,0.0,0.0,2.0,0.0,0.0
736216,0.0,0.0,0.0,0.0,0.0,0.0,0.0,0.0
737293,0.0,0.0,0.0,0.0,0.0,1.0,0.0,0.0
738861,0.0,0.0,0.0,0.0,0.0,0.0,0.0,0.0
739543,0.0,0.0,0.0,0.0,0.0,1.0,0.0,0.0
741045,0.0,0.0,0.0,0.0,0.0,0.0,0.0,0.0
742708,0.0,0.0,0.0,0.0,0.0,1.0,0.0,0.0
744201,0.0,0.0,0.0,0.0,1.0,1.0,0.0,0.0
745702,0.0,0.0,0.0,0.0,0.0,1.0,0.0,0.0
745703,0.0,0.0,0.0,0.0,0.0,0.0,0.0,0.0
746685,0.0,0.0,0.0,0.0,0.0,1.0,0.0,0.0
748189,0.0,0.0,0.0,0.0,0.0,0.0,0.0,0.0
752024,0.0,0.0,0.0,0.0,0.0,1.0,0.0,0.0
753758,0.0,0.0,0.0,0.0,0.0,0.0,0.0,0.0
757109,0.0,0.0,0.0,0.0,0.0,1.0,0.0,0.0
757343,0.0,0.0,0.0,0.0,0.0,2.0,0.0,0.0
758844,0.0,0.0,0.0,0.0,0.0,0.0,0.0,0.0
759593,0.0,0.0,0.0,0.0,0.0,1.0,0.0,0.0
759726,0.0,0.0,0.0,0.0,0.0,2.0,0.0,0.0
761782,0.0,0.0,0.0,0.0,0.0,0.0,0.0,0.0
761840,0.0,0.0,0.0,0.0,0.0,1.0,0.0,0.0
763800,0.0,0.0,0.0,0.0,0.0,0.0,0.0,0.0
763902,0.0,0.0,0.0,0.0,0.0,1.0,0.0,0.0
766513,0.0,0.0,0.0,0.0,0.0,0.0,0.0,0.0
766587,0.0,0.0,0.0,0.0,0.0,1.0,0.0,0.0
768092,0.0,0.0,0.0,0.0,0.0,0.0,0.0,0.0
768469,0.0,0.0,0.0,0.0,0.0,1.0,0.0,0.0
768473,0.0,0.0,0.0,0.0,0.0,2.0,0.0,0.0
769974,0.0,0.0,0.0,0.0,0.0,0.0,0.0,0.0
770219,0.0,0.0,0.0,0.0,0.0,1.0,0.0,0.0
771730,0.0,0.0,0.0,0.0,0.0,0.0,0.0,0.0
773018,0.0,0.0,0.0,0.0,0.0,1.0,0.0,0.0
776242,0.0,0.0,0.0,0.0,0.0,0.0,0.0,0.0
776999,0.0,0.0,0.0,0.0,0.0,1.0,0.0,0.0
778831,0.0,0.0,0.0,0.0,0.0,0.0,0.0,0.0
781508,0.0,0.0,0.0,0.0,0.0,1.0,0.0,0.0
783009,0.0,0.0,0.0,0.0,0.0,0.0,0.0,0.0
784203,0.0,0.0,0.0,0.0,0.0,1.0,0.0,0.0
787104,0.0,0.0,0.0,0.0,0.0,0.0,0.0,0.0
788363,0.0,0.0,0.0,0.0,0.0,1.0,0.0,0.0
790764,0.0,0.0,0.0,0.0,0.0,0.0,0.0,0.0
793766,0.0,0.0,0.0,0.0,0.0,1.0,0.0,0.0
795587,0.0,0.0,0.0,0.0,0.0,0.0,0.0,0.0
795824,0.0,0.0,0.0,0.0,1.0,0.0,0.0,0.0
796775,0.0,0.0,0.0,0.0,1.0,1.0,0.0,0.0
797329,0.0,0.0,0.0,0.0,0.0,1.0,0.0,0.0
801311,0.0,0.0,0.0,0.0,0.0,0.0,0.0,0.0
802607,0.0,0.0,0.0,0.0,0.0,1.0,0.0,0.0
804378,0.0,0.0,0.0,0.0,0.0,0.0,0.0,0.0
805299,0.0,0.0,0.0,0.0,0.0,1.0,0.0,0.0
806800,0.0,0.0,0.0,0.0,0.0,0.0,0.0,0.0
807000,0.0,0.0,0.0,0.0,0.0,0.0,0.0,1.0
807001,0.0,0.0,0.0,0.0,0.0,0.0,0.0,0.0
808197,0.0,0.0,0.0,0.0,0.0,1.0,0.0,0.0
808649,0.0,2.0,0.0,0.0,0.0,1.0,0.0,0.0
808924,0.0,2.0,0.0,0.0,0.0,2.0,0.0,0.0
808938,2.0,2.0,0.0,0.0,0.0,2.0,1.0,0.0
808939,0.0,0.0,0.0,0.0,0.0,0.0,0.0,0.0
809031,0.0,0.0,1.0,0.0,0.0,0.0,0.0,0.0
809034,0.0,0.0,1.0,0.0,1.0,0.0,0.0,0.0
809061,0.0,0.0,1.0,1.0,1.0,0.0,0.0,0.0
809077,0.0,0.0,1.0,2.0,1.0,0.0,0.0,0.0
810535,0.0,0.0,1.0,2.0,0.0,0.0,0.0,0.0
810812,0.0,0.0,1.0,2.0,0.0,1.0,0.0,0.0
812323,0.0,0.0,1.0,0.0,0.0,1.0,0.0,0.0
812521,0.0,0.0,1.0,1.0,0.0,1.0,0.0,0.0
814082,0.0,0.0,1.0,0.0,0.0,1.0,0.0,0.0
815641,0.0,0.0,1.0,0.0,0.0,0.0,0.0,0.0
815906,0.0,0.0,1.0,0.0,0.0,1.0,0.0,0.0
816616,0.0,0.0,1.0,0.0,0.0,2.0,0.0,0.0
818117,0.0,0.0,1.0,0.0,0.0,0.0,0.0,0.0
819283,0.0,0.0,1.0,0.0,0.0,1.0,0.0,0.0
820784,0.0,0.0,1.0,0.0,0.0,0.0,0.0,0.0
821493,0.0,0.0,1.0,0.0,0.0,1.0,0.0,0.0
821819,0.0,0.0,1.0,0.0,0.0,2.0,0.0,0.0
821908,0.0,0.0,0.0,0.0,0.0,2.0,0.0,0.0
823320,0.0,0.0,0.0,0.0,0.0,0.0,0.0,0.0
825120,0.0,0.0,0.0,0.0,0.0,1.0,0.0,0.0
825129,0.0,0.0,0.0,0.0,0.0,2.0,0.0,0.0
826630,0.0,0.0,0.0,0.0,0.0,0.0,0.0,0.0
827837,0.0,0.0,0.0,0.0,0.0,1.0,0.0,0.0
834525,0.0,0.0,0.0,0.0,0.0,0.0,0.0,0.0
836222,0.0,0.0,0.0,0.0,0.0,1.0,0.0,0.0
837723,0.0,0.0,0.0,0.0,0.0,0.0,0.0,0.0
837773,0.0,0.0,0.0,0.0,0.0,1.0,0.0,0.0
837922,0.0,0.0,0.0,0.0,1.0,1.0,0.0,0.0
837923,0.0,0.0,0.0,0.0,2.0,1.0,0.0,0.0
839275,0.0,0.0,0.0,0.0,2.0,0.0,0.0,0.0
839424,0.0,0.0,0.0,0.0,0.0,0.0,0.0,0.0
839571,0.0,0.0,0.0,0.0,0.0,1.0,0.0,0.0
841079,0.0,0.0,0.0,0.0,0.0,0.0,0.0,0.0
841349,0.0,0.0,0.0,0.0,0.0,1.0,0.0,0.0
841353,0.0,0.0,0.0,0.0,0.0,2.0,0.0,0.0
843844,0.0,0.0,0.0,0.0,0.0,0.0,0.0,0.0
846054,0.0,0.0,0.0,0.0,0.0,1.0,0.0,0.0
847931,0.0,0.0,0.0,0.0,0.0,0.0,0.0,0.0
849445,0.0,0.0,0.0,0.0,1.0,0.0,0.0,0.0
849922,0.0,0.0,0.0,0.0,1.0,1.0,0.0,0.0
851437,0.0,0.0,0.0,0.0,0.0,0.0,0.0,0.0
853291,0.0,0.0,0.0,0.0,0.0,1.0,0.0,0.0
854097,0.0,0.0,0.0,0.0,0.0,2.0,0.0,0.0
855598,0.0,0.0,0.0,0.0,0.0,0.0,0.0,0.0
856055,0.0,0.0,0.0,0.0,0.0,1.0,0.0,0.0
863333,0.0,0.0,0.0,0.0,0.0,2.0,0.0,0.0
863498,0.0,2.0,0.0,0.0,0.0,2.0,0.0,0.0
864999,0.0,0.0,0.0,0.0,0.0,2.0,0.0,0.0
866334,0.0,0.0,0.0,0.0,0.0,0.0,0.0,0.0
867796,0.0,0.0,0.0,0.0,0.0,1.0,0.0,0.0
867798,0.0,0.0,0.0,0.0,0.0,2.0,0.0,0.0
869299,0.0,0.0,0.0,0.0,0.0,0.0,0.0,0.0
869388,0.0,0.0,0.0,0.0,0.0,1.0,0.0,0.0
869852,0.0,0.0,0.0,0.0,0.0,2.0,0.0,0.0
872689,0.0,0.0,0.0,0.0,0.0,0.0,0.0,0.0
872792,0.0,0.0,0.0,0.0,0.0,1.0,0.0,0.0
873167,0.0,0.0,0.0,0.0,0.0,2.0,0.0,0.0
874668,0.0,0.0,0.0,0.0,0.0,0.0,0.0,0.0
874728,0.0,0.0,0.0,0.0,0.0,1.0,0.0,0.0
875871,0.0,0.0,0.0,0.0,0.0,2.0,0.0,0.0
876318,0.0,0.0,0.0,0.0,1.0,2.0,0.0,0.0
877372,0.0,0.0,0.0,0.0,1.0,0.0,0.0,0.0
877939,0.0,0.0,0.0,0.0,0.0,0.0,0.0,0.0
878182,0.0,0.0,0.0,0.0,1.0,0.0,0.0,0.0
879658,0.0,0.0,0.0,0.0,1.0,1.0,0.0,0.0
879683,0.0,0.0,0.0,0.0,0.0,1.0,0.0,0.0
881166,0.0,0.0,0.0,0.0,0.0,0.0,0.0,0.0
883112,0.0,0.0,0.0,0.0,0.0,1.0,0.0,0.0
884618,0.0,0.0,0.0,0.0,0.0,0.0,0.0,0.0
884999,0.0,0.0,0.0,0.0,0.0,1.0,0.0,0.0
887837,0.0,0.0,0.0,0.0,0.0,2.0,0.0,0.0
888085,0.0,2.0,0.0,0.0,0.0,2.0,0.0,0.0
889338,0.0,2.0,0.0,0.0,0.0,0.0,0.0,0.0
889586,0.0,0.0,0.0,0.0,0.0,0.0,0.0,0.0
890766,0.0,0.0,0.0,0.0,0.0,1.0,0.0,0.0
895378,0.0,0.0,0.0,0.0,0.0,0.0,0.0,0.0
896653,0.0,0.0,0.0,0.0,0.0,1.0,0.0,0.0
896654,0.0,0.0,0.0,0.0,0.0,2.0,0.0,0.0
898155,0.0,0.0,0.0,0.0,0.0,0.0,0.0,0.0
898216,0.0,0.0,0.0,0.0,0.0,1.0,0.0,0.0
899586,0.0,0.0,0.0,0.0,1.0,1.0,0.0,0.0
899717,0.0,0.0,0.0,0.0,1.0,0.0,0.0,0.0
901087,0.0,0.0,0.0,0.0,0.0,0.0,0.0,0.0
901329,0.0,0.0,0.0,0.0,0.0,1.0,0.0,0.0
905242,0.0,0.0,0.0,0.0,0.0,0.0,0.0,0.0
907535,0.0,0.0,0.0,0.0,0.0,1.0,0.0,0.0
909125,0.0,0.0,0.0,0.0,0.0,0.0,0.0,0.0
914200,0.0,0.0,0.0,0.0,0.0,1.0,0.0,0.0
914202,0.0,0.0,0.0,0.0,0.0,2.0,0.0,0.0
915703,0.0,0.0,0.0,0.0,0.0,0.0,0.0,0.0
917692,0.0,0.0,0.0,0.0,0.0,1.0,0.0,0.0
917699,0.0,0.0,0.0,0.0,0.0,2.0,0.0,0.0
919200,0.0,0.0,0.0,0.0,0.0,0.0,0.0,0.0
919298,0.0,0.0,0.0,0.0,0.0,1.0,0.0,0.0
922061,0.0,0.0,0.0,0.0,0.0,0.0,0.0,0.0
923497,0.0,0.0,0.0,0.0,0.0,1.0,0.0,0.0
924998,0.0,0.0,0.0,0.0,0.0,0.0,0.0,0.0
926791,0.0,0.0,0.0,0.0,1.0,0.0,0.0,0.0
928940,0.0,0.0,0.0,0.0,0.0,0.0,0.0,0.0
929248,0.0,0.0,0.0,0.0,0.0,1.0,0.0,0.0
930837,0.0,0.0,0.0,0.0,0.0,0.0,0.0,0.0
931221,0.0,0.0,0.0,0.0,0.0,1.0,0.0,0.0
931231,0.0,0.0,0.0,0.0,0.0,2.0,0.0,0.0
933400,0.0,0.0,0.0,0.0,0.0,0.0,0.0,0.0
934159,0.0,0.0,0.0,0.0,0.0,1.0,0.0,0.0
935662,0.0,0.0,0.0,0.0,0.0,0.0,0.0,0.0
936809,0.0,0.0,0.0,0.0,0.0,1.0,0.0,0.0
938591,0.0,0.0,0.0,0.0,0.0,2.0,0.0,0.0
940092,0.0,0.0,0.0,0.0,0.0,0.0,0.0,0.0
943701,0.0,0.0,0.0,0.0,0.0,1.0,0.0,0.0
945986,0.0,0.0,0.0,0.0,0.0,2.0,0.0,0.0
947487,0.0,0.0,0.0,0.0,0.0,0.0,0.0,0.0
949106,0.0,0.0,0.0,0.0,0.0,1.0,0.0,0.0
951033,0.0,0.0,0.0,0.0,0.0,0.0,0.0,0.0
951785,0.0,0.0,0.0,0.0,0.0,1.0,0.0,0.0
953873,0.0,0.0,0.0,0.0,0.0,0.0,0.0,0.0
954210,0.0,0.0,0.0,0.0,1.0,0.0,0.0,0.0
955713,0.0,0.0,0.0,0.0,0.0,0.0,0.0,0.0
960653,0.0,0.0,0.0,0.0,0.0,1.0,0.0,0.0
962640,0.0,0.0,0.0,0.0,0.0,0.0,0.0,0.0
962850,0.0,0.0,0.0,0.0,0.0,1.0,0.0,0.0
963703,0.0,0.0,0.0,0.0,0.0,2.0,0.0,0.0
965204,0.0,0.0,0.0,0.0,0.0,0.0,0.0,0.0
966758,0.0,0.0,0.0,0.0,0.0,1.0,0.0,0.0
968267,0.0,0.0,0.0,0.0,0.0,0.0,0.0,0.0
969739,0.0,0.0,0.0,0.0,0.0,1.0,0.0,0.0
971264,0.0,0.0,0.0,0.0,0.0,0.0,0.0,0.0
972571,0.0,0.0,0.0,0.0,0.0,1.0,0.0,0.0
974072,0.0,0.0,0.0,0.0,0.0,0.0,0.0,0.0
974540,0.0,0.0,0.0,0.0,0.0,1.0,0.0,0.0
976996,0.0,0.0,0.0,0.0,0.0,0.0,0.0,0.0
977132,0.0,0.0,0.0,0.0,0.0,1.0,0.0,0.0
977139,0.0,0.0,0.0,0.0,0.0,2.0,0.0,0.0
978640,0.0,0.0,0.0,0.0,0.0,0.0,0.0,0.0
980850,0.0,0.0,0.0,0.0,0.0,1.0,0.0,0.0
982356,0.0,0.0,0.0,0.0,0.0,0.0,0.0,0.0
983732,0.0,0.0,0.0,0.0,0.0,1.0,0.0,0.0
984734,0.0,0.0,0.0,0.0,0.0,2.0,0.0,0.0
986235,0.0,0.0,0.0,0.0,0.0,0.0,0.0,0.0
988423,0.0,0.0,0.0,0.0,0.0,1.0,0.0,0.0
989924,0.0,0.0,0.0,0.0,0.0,0.0,0.0,0.0
991550,0.0,0.0,0.0,0.0,0.0,1.0,0.0,0.0
993061,0.0,0.0,0.0,0.0,0.0,0.0,0.0,0.0
995191,0.0,0.0,0.0,0.0,0.0,1.0,0.0,0.0
997177,0.0,0.0,0.0,0.0,0.0,0.0,0.0,0.0
997710,0.0,0.0,0.0,0.0,0.0,1.0,0.0,0.0
997720,0.0,0.0,0.0,0.0,0.0,2.0,0.0,0.0
999221,0.0,0.0,0.0,0.0,0.0,0.0,0.0,0.0
999789,0.0,0.0,0.0,0.0,0.0,1.0,0.0,0.0
1001546,0.0,0.0,0.0,0.0,0.0,0.0,0.0,0.0
1004242,0.0,0.0,0.0,0.0,0.0,1.0,0.0,0.0
1008235,0.0,0.0,0.0,0.0,0.0,0.0,0.0,0.0
1009000,0.0,0.0,0.0,0.0,0.0,0.0,0.0,1.0
1009001,0.0,0.0,0.0,0.0,0.0,0.0,0.0,0.0
1009576,0.0,0.0,0.0,0.0,0.0,1.0,0.0,0.0
1009783,0.0,0.0,0.0,0.0,0.0,2.0,0.0,0.0
1011284,0.0,0.0,0.0,0.0,0.0,0.0,0.0,0.0
1011536,0.0,2.0,0.0,0.0,0.0,0.0,0.0,0.0
1011786,2.0,2.0,0.0,0.0,0.0,0.0,0.0,0.0
1011848,2.0,2.0,0.0,0.0,1.0,0.0,0.0,0.0
1012274,2.0,2.0,0.0,0.0,2.0,0.0,0.0,0.0
1012502,2.0,2.0,0.0,0.0,2.0,1.0,0.0,0.0
1013037,2.0,0.0,0.0,0.0,2.0,1.0,1.0,0.0
1013038,0.0,0.0,0.0,0.0,0.0,0.0,0.0,0.0
1013187,0.0,0.0,0.0,1.0,0.0,0.0,0.0,0.0
1015088,0.0,0.0,0.0,1.0,0.0,1.0,0.0,0.0
1015712,0.0,0.0,0.0,0.0,0.0,1.0,0.0,0.0
1016571,0.0,0.0,1.0,0.0,0.0,1.0,0.0,0.0
1018164,0.0,0.0,0.0,0.0,0.0,1.0,0.0,0.0
1018569,0.0,0.0,0.0,0.0,0.0,0.0,0.0,0.0
1018906,0.0,0.0,0.0,0.0,0.0,1.0,0.0,0.0
1018924,0.0,0.0,0.0,0.0,1.0,1.0,0.0,0.0
1018926,0.0,0.0,0.0,0.0,1.0,2.0,0.0,0.0
1020427,0.0,0.0,0.0,0.0,1.0,0.0,0.0,0.0
1020566,0.0,0.0,0.0,0.0,0.0,0.0,0.0,0.0
1020733,0.0,0.0,0.0,0.0,0.0,1.0,0.0,0.0
1022058,0.0,0.0,0.0,0.0,0.0,2.0,0.0,0.0
1024789,0.0,0.0,0.0,0.0,0.0,0.0,0.0,0.0
1024989,0.0,0.0,0.0,0.0,0.0,1.0,0.0,0.0
1025046,0.0,2.0,0.0,0.0,0.0,1.0,0.0,0.0
1026002,0.0,2.0,1.0,0.0,0.0,1.0,0.0,0.0
1026547,0.0,0.0,1.0,0.0,0.0,1.0,0.0,0.0
1027507,0.0,0.0,0.0,0.0,0.0,1.0,0.0,0.0
1027918,0.0,0.0,0.0,0.0,0.0,2.0,0.0,0.0
1029419,0.0,0.0,0.0,0.0,0.0,0.0,0.0,0.0
1029610,0.0,0.0,0.0,0.0,1.0,0.0,0.0,0.0
1029690,0.0,0.0,0.0,0.0,1.0,1.0,0.0,0.0
1030054,0.0,0.0,0.0,1.0,1.0,1.0,0.0,0.0
1031111,0.0,0.0,0.0,1.0,0.0,1.0,0.0,0.0
1032393,0.0,0.0,0.0,1.0,0.0,0.0,0.0,0.0
1032694,0.0,0.0,0.0,1.0,0.0,1.0,0.0,0.0
1033707,0.0,0.0,1.0,1.0,0.0,1.0,0.0,0.0
1035615,0.0,0.0,1.0,1.0,0.0,0.0,0.0,0.0
1036718,0.0,0.0,1.0,1.0,0.0,1.0,0.0,0.0
1036957,0.0,0.0,0.0,1.0,0.0,1.0,0.0,0.0
1038652,0.0,0.0,0.0,1.0,0.0,0.0,0.0,0.0
1038707,0.0,0.0,0.0,1.0,0.0,1.0,0.0,0.0
1038716,0.0,0.0,0.0,1.0,0.0,2.0,0.0,0.0
1040217,0.0,0.0,0.0,1.0,0.0,0.0,0.0,0.0
1040506,0.0,0.0,0.0,1.0,0.0,1.0,0.0,0.0
1041278,0.0,0.0,0.0,1.0,0.0,2.0,0.0,0.0
1041446,0.0,0.0,0.0,0.0,0.0,2.0,0.0,0.0
1041556,0.0,0.0,0.0,1.0,0.0,2.0,0.0,0.0
1041822,0.0,0.0,1.0,1.0,0.0,2.0,0.0,0.0
1042779,0.0,0.0,1.0,1.0,0.0,0.0,0.0,0.0
1043379,0.0,0.0,0.0,1.0,0.0,0.0,0.0,0.0
1043409,0.0,0.0,1.0,1.0,0.0,0.0,0.0,0.0
1043707,0.0,0.0,1.0,0.0,0.0,0.0,0.0,0.0
1043751,0.0,0.0,1.0,0.0,0.0,1.0,0.0,0.0
1044095,0.0,0.0,1.0,1.0,0.0,1.0,0.0,0.0
1046137,0.0,0.0,1.0,1.0,0.0,0.0,0.0,0.0
1046693,0.0,0.0,1.0,0.0,0.0,0.0,0.0,0.0
1047052,0.0,0.0,1.0,0.0,0.0,1.0,0.0,0.0
1048848,0.0,0.0,0.0,0.0,0.0,1.0,0.0,0.0
1049705,0.0,0.0,0.0,1.0,0.0,1.0,0.0,0.0
1050380,0.0,0.0,1.0,1.0,0.0,1.0,0.0,0.0
1051480,0.0,0.0,1.0,1.0,0.0,0.0,0.0,0.0
1052021,0.0,0.0,1.0,1.0,0.0,1.0,0.0,0.0
1052025,0.0,0.0,1.0,1.0,0.0,2.0,0.0,0.0
1053526,0.0,0.0,1.0,1.0,0.0,0.0,0.0,0.0
1056979,0.0,0.0,1.0,1.0,0.0,1.0,0.0,0.0
1057220,0.0,0.0,1.0,1.0,0.0,2.0,0.0,0.0
1057779,0.0,0.0,0.0,1.0,0.0,2.0,0.0,0.0
1058721,0.0,0.0,0.0,1.0,0.0,0.0,0.0,0.0
1059312,0.0,0.0,0.0,1.0,0.0,1.0,0.0,0.0
1059314,0.0,0.0,0.0,1.0,0.0,2.0,0.0,0.0
1060815,0.0,0.0,0.0,1.0,0.0,0.0,0.0,0.0
1061375,0.0,0.0,0.0,1.0,0.0,1.0,0.0,0.0
1064200,0.0,0.0,0.0,1.0,0.0,2.0,0.0,0.0
1065701,0.0,0.0,0.0,1.0,0.0,0.0,0.0,0.0
1065833,0.0,0.0,0.0,1.0,0.0,1.0,0.0,0.0
1066148,0.0,0.0,0.0,1.0,0.0,2.0,0.0,0.0
1067649,0.0,0.0,0.0,1.0,0.0,0.0,0.0,0.0
1068384,0.0,0.0,0.0,1.0,0.0,1.0,0.0,0.0
1068386,0.0,0.0,0.0,1.0,0.0,2.0,0.0,0.0
1069887,0.0,0.0,0.0,1.0,0.0,0.0,0.0,0.0
1070507,0.0,0.0,0.0,1.0,0.0,1.0,0.0,0.0
1070509,0.0,0.0,0.0,1.0,0.0,2.0,0.0,0.0
1072010,0.0,0.0,0.0,1.0,0.0,0.0,0.0,0.0
1074125,0.0,0.0,0.0,1.0,0.0,1.0,0.0,0.0
1074136,0.0,0.0,0.0,1.0,0.0,2.0,0.0,0.0
1074786,0.0,0.0,0.0,0.0,0.0,2.0,0.0,0.0
1074839,0.0,0.0,0.0,1.0,0.0,2.0,0.0,0.0
1075637,0.0,0.0,0.0,1.0,0.0,0.0,0.0,0.0
1076077,0.0,0.0,0.0,1.0,0.0,1.0,0.0,0.0
1077714,0.0,0.0,0.0,1.0,0.0,0.0,0.0,0.0
1080000,0.0,0.0,0.0,1.0,0.0,1.0,0.0,0.0
1080004,0.0,0.0,0.0,1.0,0.0,2.0,0.0,0.0
1082342,0.0,0.0,0.0,1.0,0.0,0.0,0.0,0.0
1082610,0.0,0.0,0.0,1.0,0.0,1.0,0.0,0.0
1083208,0.0,0.0,0.0,1.0,0.0,2.0,0.0,0.0
1084709,0.0,0.0,0.0,1.0,0.0,0.0,0.0,0.0
1085370,0.0,0.0,0.0,1.0,0.0,1.0,0.0,0.0
1085377,0.0,0.0,0.0,1.0,0.0,2.0,0.0,0.0
1086878,0.0,0.0,0.0,1.0,0.0,0.0,0.0,0.0
1088406,0.0,0.0,0.0,1.0,0.0,1.0,0.0,0.0
1090706,0.0,0.0,0.0,1.0,0.0,0.0,0.0,0.0
1091596,0.0,0.0,0.0,1.0,0.0,1.0,0.0,0.0
1096506,0.0,0.0,0.0,1.0,0.0,2.0,0.0,0.0
1098007,0.0,0.0,0.0,1.0,0.0,0.0,0.0,0.0
1098288,0.0,0.0,0.0,1.0,0.0,1.0,0.0,0.0
1098290,0.0,0.0,0.0,1.0,0.0,2.0,0.0,0.0
1099791,0.0,0.0,0.0,1.0,0.0,0.0,0.0,0.0
1100643,0.0,0.0,0.0,1.0,0.0,1.0,0.0,0.0
1101432,0.0,0.0,0.0,1.0,0.0,2.0,0.0,0.0
1102933,0.0,0.0,0.0,1.0,0.0,0.0,0.0,0.0
1103743,0.0,2.0,0.0,1.0,0.0,0.0,0.0,0.0
1105018,0.0,2.0,0.0,1.0,0.0,1.0,0.0,0.0
1105244,0.0,0.0,0.0,1.0,0.0,1.0,0.0,0.0
1107767,0.0,0.0,0.0,1.0,0.0,2.0,0.0,0.0
1109240,0.0,2.0,0.0,1.0,0.0,2.0,0.0,0.0
1109268,0.0,2.0,0.0,1.0,0.0,0.0,0.0,0.0
1109417,0.0,2.0,0.0,1.0,0.0,1.0,0.0,0.0
1109419,0.0,2.0,0.0,1.0,0.0,2.0,0.0,0.0
1110741,0.0,0.0,0.0,1.0,0.0,2.0,0.0,0.0
1110920,0.0,0.0,0.0,1.0,0.0,0.0,0.0,0.0
1112896,0.0,0.0,0.0,1.0,1.0,0.0,0.0,0.0
1114165,0.0,0.0,0.0,0.0,1.0,0.0,0.0,0.0
1115581,0.0,0.0,0.0,0.0,1.0,1.0,0.0,0.0
1115789,0.0,0.0,0.0,0.0,0.0,1.0,0.0,0.0
1117401,0.0,0.0,0.0,0.0,0.0,0.0,0.0,0.0
1117949,0.0,0.0,0.0,0.0,0.0,1.0,0.0,0.0
1118007,0.0,0.0,0.0,0.0,1.0,1.0,0.0,0.0
1118014,0.0,0.0,0.0,0.0,1.0,2.0,0.0,0.0
1118044,0.0,0.0,0.0,0.0,2.0,2.0,0.0,0.0
1119515,0.0,0.0,0.0,0.0,2.0,0.0,0.0,0.0
1119545,0.0,0.0,0.0,0.0,0.0,0.0,0.0,0.0
1120545,0.0,0.0,0.0,0.0,1.0,0.0,0.0,0.0
1121864,0.0,0.0,0.0,0.0,1.0,1.0,0.0,0.0
1122046,0.0,0.0,0.0,0.0,0.0,1.0,0.0,0.0
1124358,0.0,0.0,0.0,0.0,0.0,0.0,0.0,0.0
1130040,0.0,0.0,0.0,0.0,0.0,1.0,0.0,0.0
1131048,0.0,0.0,0.0,0.0,1.0,1.0,0.0,0.0
1131049,0.0,0.0,0.0,0.0,2.0,1.0,0.0,0.0
1131541,0.0,0.0,0.0,0.0,2.0,0.0,0.0,0.0
1132550,0.0,0.0,0.0,0.0,0.0,0.0,0.0,0.0
1132778,0.0,0.0,0.0,0.0,0.0,1.0,0.0,0.0
1135157,0.0,0.0,0.0,0.0,0.0,0.0,0.0,0.0
1136572,0.0,0.0,0.0,0.0,1.0,0.0,0.0,0.0
1136781,0.0,0.0,0.0,0.0,1.0,1.0,0.0,0.0
1138073,0.0,0.0,0.0,0.0,0.0,1.0,0.0,0.0
1140255,0.0,0.0,0.0,0.0,0.0,0.0,0.0,0.0
1141024,0.0,0.0,0.0,0.0,0.0,1.0,0.0,0.0
1142525,0.0,0.0,0.0,0.0,0.0,0.0,0.0,0.0
1142860,0.0,0.0,0.0,0.0,1.0,1.0,0.0,0.0
1142868,0.0,0.0,0.0,0.0,2.0,1.0,0.0,0.0
1144369,0.0,0.0,0.0,0.0,0.0,1.0,0.0,0.0
1144400,0.0,0.0,0.0,0.0,0.0,0.0,0.0,0.0
1145328,0.0,0.0,0.0,0.0,0.0,1.0,0.0,0.0
1146831,0.0,0.0,0.0,0.0,0.0,0.0,0.0,0.0
1149377,0.0,0.0,0.0,0.0,0.0,1.0,0.0,0.0
1150891,0.0,0.0,0.0,0.0,0.0,0.0,0.0,0.0
1151608,0.0,0.0,0.0,0.0,0.0,1.0,0.0,0.0
1154793,0.0,0.0,0.0,0.0,0.0,0.0,0.0,0.0
1155109,0.0,0.0,0.0,0.0,0.0,1.0,0.0,0.0
1157162,0.0,0.0,0.0,0.0,0.0,0.0,0.0,0.0
1158494,0.0,0.0,0.0,0.0,0.0,1.0,0.0,0.0
1161218,0.0,0.0,0.0,0.0,0.0,0.0,0.0,0.0
1163990,0.0,0.0,0.0,0.0,1.0,0.0,0.0,0.0
1164423,0.0,0.0,0.0,0.0,1.0,1.0,0.0,0.0
1165491,0.0,0.0,0.0,0.0,0.0,1.0,0.0,0.0
1166611,0.0,0.0,0.0,0.0,0.0,0.0,0.0,0.0
1167248,0.0,0.0,0.0,0.0,0.0,1.0,0.0,0.0
1169830,0.0,0.0,0.0,0.0,0.0,0.0,0.0,0.0
1172926,0.0,0.0,0.0,0.0,0.0,1.0,0.0,0.0
1174901,0.0,0.0,0.0,0.0,0.0,0.0,0.0,0.0
1175152,0.0,0.0,0.0,0.0,0.0,1.0,0.0,0.0
1179327,0.0,0.0,0.0,0.0,0.0,0.0,0.0,0.0
1180498,0.0,0.0,0.0,0.0,0.0,1.0,0.0,0.0
1181999,0.0,0.0,0.0,0.0,0.0,0.0,0.0,0.0
1184055,0.0,0.0,0.0,0.0,0.0,1.0,0.0,0.0
1185826,0.0,0.0,0.0,0.0,0.0,0.0,0.0,0.0
1186157,0.0,0.0,0.0,0.0,0.0,1.0,0.0,0.0
1187969,0.0,0.0,0.0,0.0,0.0,0.0,0.0,0.0
1188193,0.0,0.0,0.0,0.0,0.0,1.0,0.0,0.0
1195594,0.0,0.0,0.0,0.0,0.0,0.0,0.0,0.0
1196920,0.0,0.0,0.0,0.0,0.0,1.0,0.0,0.0
1199009,0.0,0.0,0.0,0.0,0.0,0.0,0.0,0.0
1206524,0.0,0.0,0.0,0.0,0.0,1.0,0.0,0.0
1208054,0.0,0.0,0.0,0.0,0.0,0.0,0.0,0.0
1211000,0.0,0.0,0.0,0.0,0.0,0.0,0.0,1.0
1211001,0.0,0.0,0.0,0.0,0.0,0.0,0.0,0.0
1212123,0.0,0.0,0.0,0.0,0.0,1.0,0.0,0.0
1212149,0.0,2.0,0.0,0.0,0.0,1.0,0.0,0.0
1212448,0.0,2.0,0.0,0.0,0.0,2.0,0.0,0.0
1213037,2.0,2.0,0.0,0.0,0.0,2.0,1.0,0.0
1213038,0.0,0.0,0.0,0.0,0.0,0.0,0.0,0.0
1213135,0.0,0.0,1.0,0.0,0.0,0.0,0.0,0.0
1213150,0.0,0.0,1.0,1.0,0.0,0.0,0.0,0.0
1213154,0.0,0.0,1.0,2.0,0.0,0.0,0.0,0.0
1214639,0.0,0.0,1.0,2.0,0.0,1.0,0.0,0.0
1214861,0.0,0.0,1.0,2.0,0.0,2.0,0.0,0.0
1215624,0.0,0.0,2.0,2.0,0.0,2.0,0.0,0.0
1216362,0.0,0.0,2.0,2.0,0.0,0.0,0.0,0.0
1216720,0.0,0.0,2.0,2.0,0.0,1.0,0.0,0.0
1216729,0.0,0.0,2.0,2.0,0.0,2.0,0.0,0.0
1216804,0.0,0.0,2.0,1.0,0.0,2.0,0.0,0.0
1217125,0.0,0.0,1.0,1.0,0.0,2.0,0.0,0.0
1218753,0.0,0.0,1.0,1.0,0.0,0.0,0.0,0.0
1219082,0.0,0.0,1.0,1.0,0.0,1.0,0.0,0.0
1219091,0.0,0.0,1.0,1.0,0.0,2.0,0.0,0.0
1219164,0.0,0.0,1.0,1.0,1.0,2.0,0.0,0.0
1219184,0.0,0.0,1.0,1.0,2.0,2.0,0.0,0.0
1219337,0.0,0.0,1.0,0.0,2.0,2.0,0.0,0.0
1220592,0.0,0.0,1.0,0.0,2.0,0.0,0.0,0.0
1220685,0.0,0.0,1.0,0.0,0.0,0.0,0.0,0.0
1220871,0.0,0.0,0.0,0.0,0.0,0.0,0.0,0.0
1223006,0.0,0.0,0.0,0.0,0.0,1.0,0.0,0.0
1223808,0.0,0.0,0.0,0.0,1.0,1.0,0.0,0.0
1225270,0.0,0.0,0.0,0.0,1.0,0.0,0.0,0.0
1225940,0.0,0.0,0.0,0.0,0.0,0.0,0.0,0.0
1227349,0.0,0.0,0.0,0.0,0.0,1.0,0.0,0.0
1228924,0.0,0.0,0.0,0.0,0.0,2.0,0.0,0.0
1230425,0.0,0.0,0.0,0.0,0.0,0.0,0.0,0.0
1230481,0.0,0.0,0.0,0.0,0.0,1.0,0.0,0.0
1232635,0.0,0.0,0.0,0.0,0.0,0.0,0.0,0.0
1233060,0.0,0.0,0.0,0.0,0.0,1.0,0.0,0.0
1234847,0.0,0.0,0.0,0.0,0.0,0.0,0.0,0.0
1234964,0.0,0.0,0.0,0.0,0.0,1.0,0.0,0.0
1234977,0.0,0.0,0.0,0.0,0.0,2.0,0.0,0.0
1237402,0.0,0.0,0.0,0.0,0.0,0.0,0.0,0.0
1241725,0.0,0.0,0.0,0.0,0.0,1.0,0.0,0.0
1242460,0.0,0.0,0.0,0.0,1.0,1.0,0.0,0.0
1243961,0.0,0.0,0.0,0.0,0.0,1.0,0.0,0.0
1244574,0.0,0.0,0.0,0.0,0.0,2.0,0.0,0.0
1246075,0.0,0.0,0.0,0.0,0.0,0.0,0.0,0.0
1246878,0.0,0.0,0.0,0.0,0.0,1.0,0.0,0.0
1246983,0.0,0.0,0.0,0.0,0.0,2.0,0.0,0.0
1248484,0.0,0.0,0.0,0.0,0.0,0.0,0.0,0.0
1248906,0.0,0.0,0.0,0.0,0.0,1.0,0.0,0.0
1250407,0.0,0.0,0.0,0.0,0.0,0.0,0.0,0.0
1251777,0.0,0.0,0.0,0.0,0.0,1.0,0.0,0.0
1256006,0.0,0.0,0.0,0.0,0.0,0.0,0.0,0.0
1256076,0.0,0.0,0.0,0.0,0.0,1.0,0.0,0.0
1256393,0.0,0.0,0.0,0.0,0.0,2.0,0.0,0.0
1257847,0.0,2.0,0.0,0.0,0.0,2.0,0.0,0.0
1257894,0.0,2.0,0.0,0.0,0.0,0.0,0.0,0.0
1259348,0.0,0.0,0.0,0.0,0.0,0.0,0.0,0.0
1260693,0.0,0.0,0.0,0.0,0.0,1.0,0.0,0.0
1264478,0.0,0.0,0.0,0.0,0.0,0.0,0.0,0.0
1265175,0.0,0.0,0.0,0.0,0.0,1.0,0.0,0.0
1266680,0.0,0.0,0.0,0.0,0.0,0.0,0.0,0.0
1267777,0.0,0.0,0.0,0.0,0.0,1.0,0.0,0.0
1271207,0.0,0.0,0.0,0.0,0.0,0.0,0.0,0.0
1271281,0.0,0.0,0.0,0.0,1.0,0.0,0.0,0.0
1271704,0.0,0.0,0.0,0.0,1.0,1.0,0.0,0.0
1272782,0.0,0.0,0.0,0.0,0.0,1.0,0.0,0.0
1273205,0.0,0.0,0.0,0.0,0.0,0.0,0.0,0.0
1273466,0.0,0.0,0.0,0.0,0.0,1.0,0.0,0.0
1277354,0.0,0.0,0.0,0.0,0.0,2.0,0.0,0.0
1278855,0.0,0.0,0.0,0.0,0.0,0.0,0.0,0.0
1282467,0.0,0.0,0.0,0.0,0.0,1.0,0.0,0.0
1283377,0.0,0.0,0.0,0.0,0.0,2.0,0.0,0.0
1284568,0.0,2.0,0.0,0.0,0.0,2.0,0.0,0.0
1284878,0.0,2.0,0.0,0.0,0.0,0.0,0.0,0.0
1285659,0.0,2.0,0.0,0.0,0.0,1.0,0.0,0.0
1286069,0.0,0.0,0.0,0.0,0.0,1.0,0.0,0.0
1287933,0.0,0.0,0.0,0.0,0.0,2.0,0.0,0.0
1291709,0.0,0.0,0.0,0.0,0.0,0.0,0.0,0.0
1292225,0.0,0.0,0.0,0.0,0.0,1.0,0.0,0.0
1294642,0.0,0.0,0.0,0.0,0.0,0.0,0.0,0.0
1296955,0.0,0.0,0.0,0.0,0.0,1.0,0.0,0.0
1298460,0.0,0.0,0.0,0.0,0.0,0.0,0.0,0.0
1298484,0.0,0.0,0.0,0.0,0.0,1.0,0.0,0.0
1299985,0.0,0.0,0.0,0.0,0.0,0.0,0.0,0.0
1301260,0.0,0.0,0.0,0.0,0.0,1.0,0.0,0.0
1302680,0.0,0.0,0.0,0.0,0.0,2.0,0.0,0.0
1304181,0.0,0.0,0.0,0.0,0.0,0.0,0.0,0.0
1304906,0.0,0.0,0.0,0.0,0.0,1.0,0.0,0.0
1305121,0.0,0.0,0.0,0.0,0.0,2.0,0.0,0.0
1307591,0.0,0.0,0.0,0.0,0.0,0.0,0.0,0.0
1307946,0.0,0.0,0.0,0.0,0.0,1.0,0.0,0.0
1309411,0.0,2.0,0.0,0.0,0.0,1.0,0.0,0.0
1309447,0.0,2.0,0.0,0.0,0.0,0.0,0.0,0.0
1310214,0.0,2.0,0.0,0.0,0.0,1.0,0.0,0.0
1310912,0.0,0.0,0.0,0.0,0.0,1.0,0.0,0.0
1314311,0.0,0.0,0.0,0.0,0.0,0.0,0.0,0.0
1317821,0.0,0.0,0.0,0.0,0.0,1.0,0.0,0.0
1319343,0.0,0.0,0.0,0.0,0.0,0.0,0.0,0.0
1320385,0.0,0.0,0.0,0.0,0.0,1.0,0.0,0.0
1321523,0.0,0.0,0.0,0.0,0.0,2.0,0.0,0.0
1323024,0.0,0.0,0.0,0.0,0.0,0.0,0.0,0.0
1324776,0.0,0.0,0.0,0.0,0.0,1.0,0.0,0.0
1327253,0.0,0.0,0.0,0.0,0.0,0.0,0.0,0.0
1327661,0.0,0.0,0.0,0.0,0.0,1.0,0.0,0.0
1329164,0.0,0.0,0.0,0.0,0.0,0.0,0.0,0.0
1336503,0.0,0.0,0.0,0.0,0.0,1.0,0.0,0.0
1338675,0.0,0.0,0.0,0.0,0.0,2.0,0.0,0.0
1340176,0.0,0.0,0.0,0.0,0.0,0.0,0.0,0.0
1341742,0.0,0.0,0.0,0.0,0.0,1.0,0.0,0.0
1345919,0.0,0.0,0.0,0.0,0.0,0.0,0.0,0.0
1346697,0.0,0.0,0.0,0.0,0.0,1.0,0.0,0.0
1349421,0.0,0.0,0.0,0.0,0.0,0.0,0.0,0.0
1349769,0.0,0.0,0.0,0.0,0.0,1.0,0.0,0.0
1349770,0.0,0.0,0.0,0.0,0.0,2.0,0.0,0.0
1351271,0.0,0.0,0.0,0.0,0.0,0.0,0.0,0.0
1352728,0.0,0.0,0.0,0.0,0.0,1.0,0.0,0.0
1352730,0.0,0.0,0.0,0.0,0.0,2.0,0.0,0.0
1354231,0.0,0.0,0.0,0.0,0.0,0.0,0.0,0.0
1358738,0.0,0.0,0.0,0.0,0.0,1.0,0.0,0.0
1360239,0.0,0.0,0.0,0.0,0.0,0.0,0.0,0.0
1362979,0.0,0.0,0.0,0.0,0.0,1.0,0.0,0.0
1366859,0.0,0.0,0.0,0.0,0.0,0.0,0.0,0.0
1366952,0.0,0.0,0.0,0.0,1.0,0.0,0.0,0.0
1368453,0.0,0.0,0.0,0.0,0.0,0.0,0.0,0.0
1369415,0.0,0.0,0.0,0.0,0.0,1.0,0.0,0.0
1372388,0.0,0.0,0.0,0.0,0.0,0.0,0.0,0.0
1372693,0.0,0.0,0.0,0.0,0.0,1.0,0.0,0.0
1372695,0.0,0.0,0.0,0.0,0.0,2.0,0.0,0.0
1374196,0.0,0.0,0.0,0.0,0.0,0.0,0.0,0.0
1377078,0.0,0.0,0.0,0.0,0.0,1.0,0.0,0.0
1378732,0.0,0.0,0.0,0.0,0.0,0.0,0.0,0.0
1380514,0.0,0.0,0.0,0.0,0.0,1.0,0.0,0.0
1394108,0.0,0.0,0.0,0.0,0.0,0.0,0.0,0.0
1394739,0.0,0.0,0.0,0.0,0.0,1.0,0.0,0.0
1397925,0.0,0.0,0.0,0.0,0.0,0.0,0.0,0.0
1398495,0.0,0.0,0.0,0.0,0.0,1.0,0.0,0.0
1400511,0.0,0.0,0.0,0.0,0.0,2.0,0.0,0.0
1402012,0.0,0.0,0.0,0.0,0.0,0.0,0.0,0.0
1402581,0.0,0.0,0.0,0.0,0.0,1.0,0.0,0.0
1404083,0.0,0.0,0.0,0.0,0.0,0.0,0.0,0.0
1406515,0.0,0.0,0.0,0.0,0.0,1.0,0.0,0.0
1407586,0.0,0.0,0.0,0.0,0.0,2.0,0.0,0.0
1409087,0.0,0.0,0.0,0.0,0.0,0.0,0.0,0.0
1410188,0.0,0.0,0.0,0.0,0.0,1.0,0.0,0.0
1410193,0.0,0.0,0.0,0.0,0.0,2.0,0.0,0.0
1411694,0.0,0.0,0.0,0.0,0.0,0.0,0.0,0.0
1413000,0.0,0.0,0.0,0.0,0.0,0.0,0.0,1.0
1413001,0.0,0.0,0.0,0.0,0.0,0.0,0.0,0.0
1413401,0.0,0.0,0.0,0.0,0.0,1.0,0.0,0.0
1413642,0.0,0.0,0.0,0.0,0.0,2.0,0.0,0.0
1414551,0.0,2.0,0.0,0.0,0.0,2.0,0.0,0.0
1414637,2.0,2.0,0.0,0.0,0.0,2.0,1.0,0.0
1414638,0.0,0.0,0.0,0.0,0.0,0.0,0.0,0.0
1414685,0.0,0.0,1.0,0.0,0.0,0.0,0.0,0.0
1414741,0.0,0.0,1.0,2.0,0.0,0.0,0.0,0.0
1416186,0.0,0.0,0.0,2.0,0.0,0.0,0.0,0.0
1418201,0.0,0.0,0.0,2.0,0.0,1.0,0.0,0.0
1419393,0.0,0.0,0.0,2.0,1.0,1.0,0.0,0.0
1419581,0.0,0.0,1.0,2.0,1.0,1.0,0.0,0.0
1420871,0.0,0.0,1.0,0.0,1.0,1.0,0.0,0.0
1421237,0.0,0.0,1.0,0.0,0.0,1.0,0.0,0.0
1422531,0.0,0.0,0.0,0.0,0.0,1.0,0.0,0.0
1425376,0.0,0.0,0.0,0.0,0.0,0.0,0.0,0.0
1425604,0.0,0.0,0.0,0.0,0.0,1.0,0.0,0.0
1427078,0.0,0.0,0.0,0.0,0.0,2.0,0.0,0.0
1428579,0.0,0.0,0.0,0.0,0.0,0.0,0.0,0.0
1431537,0.0,0.0,0.0,0.0,0.0,1.0,0.0,0.0
1433890,0.0,0.0,0.0,0.0,0.0,2.0,0.0,0.0
1433914,0.0,0.0,0.0,0.0,1.0,2.0,0.0,0.0
1435391,0.0,0.0,0.0,0.0,1.0,0.0,0.0,0.0
1436068,0.0,0.0,0.0,0.0,0.0,1.0,0.0,0.0
1439543,0.0,0.0,0.0,0.0,0.0,0.0,0.0,0.0
1439911,0.0,0.0,0.0,0.0,0.0,1.0,0.0,0.0
1439983,0.0,0.0,0.0,0.0,0.0,2.0,0.0,0.0
1441484,0.0,0.0,0.0,0.0,0.0,0.0,0.0,0.0
1442462,0.0,0.0,0.0,0.0,0.0,1.0,0.0,0.0
1443853,0.0,0.0,0.0,0.0,1.0,1.0,0.0,0.0
1444886,0.0,0.0,0.0,0.0,1.0,0.0,0.0,0.0
1445358,0.0,0.0,0.0,0.0,0.0,0.0,0.0,0.0
1446524,0.0,0.0,0.0,0.0,0.0,1.0,0.0,0.0
1447176,0.0,0.0,0.0,0.0,0.0,2.0,0.0,0.0
1447196,0.0,0.0,0.0,0.0,1.0,2.0,0.0,0.0
1448677,0.0,0.0,0.0,0.0,1.0,0.0,0.0,0.0
1448697,0.0,0.0,0.0,0.0,0.0,0.0,0.0,0.0
1449311,0.0,0.0,0.0,0.0,0.0,1.0,0.0,0.0
1449391,0.0,2.0,0.0,0.0,0.0,1.0,0.0,0.0
1449392,0.0,2.0,0.0,0.0,0.0,2.0,0.0,0.0
1450892,0.0,0.0,0.0,0.0,0.0,2.0,0.0,0.0
1450893,0.0,0.0,0.0,0.0,0.0,0.0,0.0,0.0
1452989,0.0,0.0,0.0,0.0,0.0,1.0,0.0,0.0
1452993,0.0,0.0,0.0,0.0,0.0,2.0,0.0,0.0
1454494,0.0,0.0,0.0,0.0,0.0,0.0,0.0,0.0
1457806,0.0,0.0,0.0,0.0,0.0,1.0,0.0,0.0
1461409,0.0,0.0,0.0,0.0,0.0,0.0,0.0,0.0
1461607,0.0,0.0,0.0,0.0,0.0,1.0,0.0,0.0
1464950,0.0,0.0,0.0,0.0,0.0,0.0,0.0,0.0
1465127,0.0,0.0,0.0,0.0,0.0,1.0,0.0,0.0
1465837,0.0,0.0,0.0,0.0,0.0,2.0,0.0,0.0
1467338,0.0,0.0,0.0,0.0,0.0,0.0,0.0,0.0
1467412,0.0,0.0,0.0,0.0,0.0,1.0,0.0,0.0
1468925,0.0,0.0,0.0,0.0,0.0,2.0,0.0,0.0
1470426,0.0,0.0,0.0,0.0,0.0,0.0,0.0,0.0
1471320,0.0,0.0,0.0,0.0,0.0,1.0,0.0,0.0
1472834,0.0,0.0,0.0,0.0,0.0,0.0,0.0,0.0
1472893,0.0,0.0,0.0,0.0,0.0,1.0,0.0,0.0
1475433,0.0,0.0,0.0,0.0,0.0,0.0,0.0,0.0
1475873,0.0,0.0,0.0,0.0,0.0,1.0,0.0,0.0
1477417,0.0,0.0,0.0,0.0,0.0,2.0,0.0,0.0
1478668,0.0,2.0,0.0,0.0,0.0,2.0,0.0,0.0
1478918,0.0,2.0,0.0,0.0,0.0,0.0,0.0,0.0
1480169,0.0,0.0,0.0,0.0,0.0,0.0,0.0,0.0
1480242,0.0,0.0,0.0,0.0,0.0,1.0,0.0,0.0
1481963,0.0,0.0,0.0,0.0,0.0,0.0,0.0,0.0
1482267,0.0,0.0,0.0,0.0,0.0,1.0,0.0,0.0
1484066,0.0,0.0,0.0,0.0,0.0,0.0,0.0,0.0
1484489,0.0,0.0,0.0,0.0,0.0,1.0,0.0,0.0
1484491,0.0,0.0,0.0,0.0,0.0,2.0,0.0,0.0
1487487,0.0,0.0,0.0,0.0,0.0,0.0,0.0,0.0
1487571,0.0,0.0,0.0,0.0,0.0,1.0,0.0,0.0
1489365,0.0,0.0,0.0,0.0,0.0,0.0,0.0,0.0
1489444,0.0,0.0,0.0,0.0,0.0,1.0,0.0,0.0
1490071,0.0,0.0,0.0,0.0,0.0,2.0,0.0,0.0
1491572,0.0,0.0,0.0,0.0,0.0,0.0,0.0,0.0
1492236,0.0,0.0,0.0,0.0,0.0,1.0,0.0,0.0
1495020,0.0,0.0,0.0,0.0,1.0,1.0,0.0,0.0
1495376,0.0,0.0,0.0,0.0,1.0,2.0,0.0,0.0
1496877,0.0,0.0,0.0,0.0,1.0,0.0,0.0,0.0
1497045,0.0,0.0,0.0,0.0,0.0,0.0,0.0,0.0
1498870,0.0,0.0,0.0,0.0,0.0,1.0,0.0,0.0
1502716,0.0,0.0,0.0,0.0,0.0,2.0,0.0,0.0
1502721,0.0,2.0,0.0,0.0,0.0,2.0,0.0,0.0
1504217,0.0,2.0,0.0,0.0,0.0,0.0,0.0,0.0
1504222,0.0,0.0,0.0,0.0,0.0,0.0,0.0,0.0
1505092,0.0,0.0,0.0,0.0,0.0,1.0,0.0,0.0
1505095,0.0,0.0,0.0,0.0,0.0,2.0,0.0,0.0
1506831,0.0,0.0,0.0,0.0,0.0,0.0,0.0,0.0
1507092,0.0,0.0,0.0,0.0,0.0,1.0,0.0,0.0
1507094,0.0,0.0,0.0,0.0,0.0,2.0,0.0,0.0
1508595,0.0,0.0,0.0,0.0,0.0,0.0,0.0,0.0
1508784,0.0,0.0,0.0,0.0,0.0,1.0,0.0,0.0
1513715,0.0,0.0,0.0,0.0,0.0,2.0,0.0,0.0
1515216,0.0,0.0,0.0,0.0,0.0,0.0,0.0,0.0
1515932,0.0,0.0,0.0,0.0,1.0,0.0,0.0,0.0
1516230,0.0,0.0,0.0,0.0,1.0,1.0,0.0,0.0
1517433,0.0,0.0,0.0,0.0,0.0,1.0,0.0,0.0
1517750,0.0,0.0,0.0,0.0,0.0,0.0,0.0,0.0
1520530,0.0,0.0,0.0,0.0,0.0,1.0,0.0,0.0
1522041,0.0,0.0,0.0,0.0,0.0,0.0,0.0,0.0
1524514,0.0,0.0,0.0,0.0,0.0,1.0,0.0,0.0
1526356,0.0,0.0,0.0,0.0,0.0,0.0,0.0,0.0
1527926,0.0,0.0,0.0,0.0,0.0,1.0,0.0,0.0
1529981,0.0,0.0,0.0,0.0,0.0,0.0,0.0,0.0
1530613,0.0,0.0,0.0,0.0,0.0,1.0,0.0,0.0
1532239,0.0,0.0,0.0,0.0,0.0,2.0,0.0,0.0
1533740,0.0,0.0,0.0,0.0,0.0,0.0,0.0,0.0
1535022,0.0,0.0,0.0,0.0,0.0,1.0,0.0,0.0
1536530,0.0,0.0,0.0,0.0,0.0,0.0,0.0,0.0
1538141,0.0,0.0,0.0,0.0,0.0,1.0,0.0,0.0
1539652,0.0,0.0,0.0,0.0,0.0,0.0,0.0,0.0
1539872,0.0,0.0,0.0,0.0,0.0,1.0,0.0,0.0
1540468,0.0,0.0,0.0,0.0,0.0,2.0,0.0,0.0
1541969,0.0,0.0,0.0,0.0,0.0,0.0,0.0,0.0
1542012,0.0,0.0,0.0,0.0,0.0,1.0,0.0,0.0
1543513,0.0,0.0,0.0,0.0,0.0,0.0,0.0,0.0
1548906,0.0,0.0,0.0,0.0,0.0,1.0,0.0,0.0
1550998,0.0,0.0,0.0,0.0,1.0,1.0,0.0,0.0
1551367,0.0,0.0,0.0,0.0,1.0,0.0,0.0,0.0
1551476,0.0,0.0,0.0,0.0,1.0,1.0,0.0,0.0
1552499,0.0,0.0,0.0,0.0,0.0,1.0,0.0,0.0
1552977,0.0,0.0,0.0,0.0,0.0,0.0,0.0,0.0
1554393,0.0,0.0,0.0,0.0,0.0,1.0,0.0,0.0
1554394,0.0,0.0,0.0,0.0,0.0,2.0,0.0,0.0
1555895,0.0,0.0,0.0,0.0,0.0,0.0,0.0,0.0
1556930,0.0,0.0,0.0,0.0,0.0,1.0,0.0,0.0
1558436,0.0,0.0,0.0,0.0,0.0,0.0,0.0,0.0
1559833,0.0,0.0,0.0,0.0,0.0,1.0,0.0,0.0
1561650,0.0,0.0,0.0,0.0,0.0,0.0,0.0,0.0
1562991,0.0,0.0,0.0,0.0,0.0,1.0,0.0,0.0
1564495,0.0,0.0,0.0,0.0,0.0,0.0,0.0,0.0
1565046,0.0,0.0,0.0,0.0,0.0,1.0,0.0,0.0
1565051,0.0,0.0,0.0,0.0,0.0,2.0,0.0,0.0
1566552,0.0,0.0,0.0,0.0,0.0,0.0,0.0,0.0
1570197,0.0,0.0,0.0,0.0,0.0,1.0,0.0,0.0
1571702,0.0,0.0,0.0,0.0,0.0,0.0,0.0,0.0
1578028,0.0,0.0,0.0,0.0,0.0,1.0,0.0,0.0
1579541,0.0,0.0,0.0,0.0,0.0,0.0,0.0,0.0
1583154,0.0,0.0,0.0,0.0,0.0,1.0,0.0,0.0
1584663,0.0,0.0,0.0,0.0,0.0,0.0,0.0,0.0
1586583,0.0,0.0,0.0,0.0,0.0,1.0,0.0,0.0
1587228,0.0,0.0,0.0,0.0,0.0,2.0,0.0,0.0
1588729,0.0,0.0,0.0,0.0,0.0,0.0,0.0,0.0
1590828,0.0,0.0,0.0,0.0,0.0,1.0,0.0,0.0
1591320,0.0,0.0,0.0,0.0,1.0,1.0,0.0,0.0
1592821,0.0,0.0,0.0,0.0,0.0,1.0,0.0,0.0
1592924,0.0,0.0,0.0,0.0,1.0,1.0,0.0,0.0
1593169,0.0,0.0,0.0,0.0,1.0,0.0,0.0,0.0
1594425,0.0,0.0,0.0,0.0,0.0,0.0,0.0,0.0
1595037,0.0,0.0,0.0,0.0,0.0,1.0,0.0,0.0
1596629,0.0,0.0,0.0,0.0,0.0,0.0,0.0,0.0
1599194,0.0,0.0,0.0,0.0,0.0,1.0,0.0,0.0
1600695,0.0,0.0,0.0,0.0,0.0,0.0,0.0,0.0
1603547,0.0,0.0,0.0,0.0,0.0,1.0,0.0,0.0
1605048,0.0,0.0,0.0,0.0,0.0,0.0,0.0,0.0
1606199,0.0,0.0,0.0,0.0,0.0,1.0,0.0,0.0
1607700,0.0,0.0,0.0,0.0,0.0,0.0,0.0,0.0
1608194,0.0,0.0,0.0,0.0,0.0,1.0,0.0,0.0
1609708,0.0,0.0,0.0,0.0,0.0,0.0,0.0,0.0
1610902,0.0,0.0,0.0,0.0,0.0,1.0,0.0,0.0
1611926,0.0,0.0,0.0,0.0,0.0,2.0,0.0,0.0
1613427,0.0,0.0,0.0,0.0,0.0,0.0,0.0,0.0
1613803,0.0,0.0,0.0,0.0,0.0,1.0,0.0,0.0
1615000,0.0,0.0,0.0,0.0,0.0,1.0,0.0,1.0
1615001,0.0,0.0,0.0,0.0,0.0,1.0,0.0,0.0
1615986,0.0,0.0,0.0,0.0,0.0,0.0,0.0,0.0
1616644,0.0,0.0,0.0,0.0,0.0,1.0,0.0,0.0
1616955,0.0,0.0,0.0,0.0,0.0,2.0,0.0,0.0
1617109,0.0,2.0,0.0,0.0,0.0,2.0,0.0,0.0
1617901,2.0,2.0,0.0,0.0,0.0,2.0,1.0,0.0
1617902,0.0,0.0,0.0,0.0,0.0,0.0,0.0,0.0
1618018,0.0,0.0,0.0,1.0,0.0,0.0,0.0,0.0
1618045,0.0,0.0,1.0,1.0,0.0,0.0,0.0,0.0
1618816,0.0,0.0,1.0,1.0,1.0,0.0,0.0,0.0
1618817,0.0,0.0,1.0,1.0,1.0,1.0,0.0,0.0
1619608,0.0,0.0,0.0,1.0,1.0,1.0,0.0,0.0
1620319,0.0,0.0,0.0,1.0,0.0,1.0,0.0,0.0
1620512,0.0,0.0,0.0,0.0,0.0,1.0,0.0,0.0
1620637,0.0,0.0,0.0,0.0,0.0,2.0,0.0,0.0
1621499,0.0,0.0,0.0,0.0,1.0,2.0,0.0,0.0
1622138,0.0,0.0,0.0,0.0,1.0,0.0,0.0,0.0
1622144,0.0,0.0,0.0,0.0,1.0,1.0,0.0,0.0
1622146,0.0,0.0,0.0,0.0,1.0,2.0,0.0,0.0
1622679,0.0,0.0,0.0,1.0,1.0,2.0,0.0,0.0
1623000,0.0,0.0,0.0,1.0,0.0,2.0,0.0,0.0
1623647,0.0,0.0,0.0,1.0,0.0,0.0,0.0,0.0
1624572,0.0,0.0,0.0,0.0,0.0,0.0,0.0,0.0
1624861,0.0,0.0,0.0,0.0,0.0,1.0,0.0,0.0
1628734,0.0,0.0,0.0,0.0,0.0,0.0,0.0,0.0
1628785,0.0,0.0,0.0,0.0,0.0,1.0,0.0,0.0
1629226,0.0,0.0,0.0,0.0,0.0,2.0,0.0,0.0
1632001,0.0,0.0,0.0,0.0,0.0,0.0,0.0,0.0
1632183,0.0,0.0,0.0,0.0,0.0,1.0,0.0,0.0
1635429,0.0,0.0,0.0,0.0,0.0,0.0,0.0,0.0
1635770,0.0,0.0,0.0,0.0,0.0,1.0,0.0,0.0
1637271,0.0,0.0,0.0,0.0,0.0,0.0,0.0,0.0
1637360,0.0,0.0,0.0,0.0,0.0,1.0,0.0,0.0
1642858,0.0,0.0,0.0,0.0,0.0,0.0,0.0,0.0
1643575,0.0,0.0,0.0,0.0,0.0,1.0,0.0,0.0
1644377,0.0,0.0,1.0,0.0,0.0,1.0,0.0,0.0
1645787,0.0,0.0,1.0,0.0,0.0,2.0,0.0,0.0
1647288,0.0,0.0,1.0,0.0,0.0,0.0,0.0,0.0
1647325,0.0,0.0,0.0,0.0,0.0,0.0,0.0,0.0
1647641,0.0,0.0,0.0,0.0,0.0,1.0,0.0,0.0
1652234,0.0,0.0,0.0,0.0,0.0,0.0,0.0,0.0
1653063,0.0,0.0,0.0,0.0,0.0,1.0,0.0,0.0
1654581,0.0,0.0,0.0,0.0,0.0,0.0,0.0,0.0
1656166,0.0,0.0,0.0,0.0,0.0,1.0,0.0,0.0
1658011,0.0,0.0,0.0,0.0,0.0,0.0,0.0,0.0
1658191,0.0,2.0,0.0,0.0,0.0,0.0,0.0,0.0
1658576,0.0,2.0,0.0,0.0,0.0,1.0,0.0,0.0
1659692,0.0,0.0,0.0,0.0,0.0,1.0,0.0,0.0
1660081,0.0,0.0,0.0,0.0,0.0,0.0,0.0,0.0
1660504,0.0,0.0,0.0,0.0,0.0,1.0,0.0,0.0
1660517,0.0,0.0,0.0,0.0,0.0,2.0,0.0,0.0
1662018,0.0,0.0,0.0,0.0,0.0,0.0,0.0,0.0
1662618,0.0,0.0,0.0,0.0,0.0,1.0,0.0,0.0
1663820,0.0,2.0,0.0,0.0,0.0,1.0,0.0,0.0
1665148,0.0,2.0,0.0,0.0,0.0,0.0,0.0,0.0
1665321,0.0,0.0,0.0,0.0,0.0,0.0,0.0,0.0
1669744,0.0,0.0,0.0,0.0,0.0,1.0,0.0,0.0
1671245,0.0,0.0,0.0,0.0,0.0,0.0,0.0,0.0
1673262,0.0,0.0,0.0,0.0,0.0,1.0,0.0,0.0
1675871,0.0,2.0,0.0,0.0,0.0,1.0,0.0,0.0
1677372,0.0,0.0,0.0,0.0,0.0,1.0,0.0,0.0
1677920,0.0,0.0,0.0,0.0,0.0,0.0,0.0,0.0
1678468,0.0,0.0,0.0,0.0,0.0,1.0,0.0,0.0
1678475,0.0,0.0,0.0,0.0,0.0,2.0,0.0,0.0
1680870,0.0,0.0,0.0,0.0,0.0,0.0,0.0,0.0
1681018,0.0,0.0,0.0,0.0,0.0,1.0,0.0,0.0
1683871,0.0,0.0,0.0,0.0,0.0,2.0,0.0,0.0
1685372,0.0,0.0,0.0,0.0,0.0,0.0,0.0,0.0
1686131,0.0,0.0,0.0,0.0,0.0,1.0,0.0,0.0
1687634,0.0,0.0,0.0,0.0,0.0,0.0,0.0,0.0
1688765,0.0,0.0,0.0,0.0,0.0,1.0,0.0,0.0
1690266,0.0,0.0,0.0,0.0,0.0,0.0,0.0,0.0
1690494,0.0,0.0,0.0,0.0,0.0,1.0,0.0,0.0
1693124,0.0,0.0,0.0,0.0,0.0,2.0,0.0,0.0
1694625,0.0,0.0,0.0,0.0,0.0,0.0,0.0,0.0
1696752,0.0,0.0,0.0,0.0,0.0,1.0,0.0,0.0
1698789,0.0,0.0,0.0,0.0,0.0,0.0,0.0,0.0
1700276,0.0,0.0,0.0,0.0,0.0,1.0,0.0,0.0
1701507,0.0,0.0,0.0,0.0,0.0,2.0,0.0,0.0
1703008,0.0,0.0,0.0,0.0,0.0,0.0,0.0,0.0
1703276,0.0,0.0,0.0,0.0,0.0,1.0,0.0,0.0
1703279,0.0,0.0,0.0,0.0,0.0,2.0,0.0,0.0
1704780,0.0,0.0,0.0,0.0,0.0,0.0,0.0,0.0
1705415,0.0,0.0,0.0,0.0,0.0,1.0,0.0,0.0
1705419,0.0,0.0,0.0,0.0,0.0,2.0,0.0,0.0
1706920,0.0,0.0,0.0,0.0,0.0,0.0,0.0,0.0
1707357,0.0,0.0,0.0,0.0,0.0,1.0,0.0,0.0
1708862,0.0,0.0,0.0,0.0,0.0,0.0,0.0,0.0
1708964,0.0,2.0,0.0,0.0,0.0,0.0,0.0,0.0
1710465,0.0,0.0,0.0,0.0,0.0,0.0,0.0,0.0
1710945,0.0,0.0,0.0,0.0,0.0,1.0,0.0,0.0
1710949,0.0,0.0,0.0,0.0,0.0,2.0,0.0,0.0
1712450,0.0,0.0,0.0,0.0,0.0,0.0,0.0,0.0
1712476,0.0,0.0,0.0,0.0,0.0,1.0,0.0,0.0
1714509,0.0,0.0,0.0,0.0,0.0,2.0,0.0,0.0
1715494,0.0,2.0,0.0,0.0,0.0,2.0,0.0,0.0
1716010,0.0,2.0,0.0,0.0,0.0,0.0,0.0,0.0
1716995,0.0,0.0,0.0,0.0,0.0,0.0,0.0,0.0
1721660,0.0,0.0,0.0,0.0,1.0,0.0,0.0,0.0
1721661,0.0,0.0,0.0,0.0,2.0,0.0,0.0,0.0
1722554,0.0,0.0,0.0,0.0,2.0,1.0,0.0,0.0
1723162,0.0,0.0,0.0,0.0,0.0,1.0,0.0,0.0
1723235,0.0,0.0,0.0,0.0,1.0,1.0,0.0,0.0
1724736,0.0,0.0,0.0,0.0,0.0,1.0,0.0,0.0
1724737,0.0,0.0,0.0,0.0,0.0,0.0,0.0,0.0
1726170,0.0,0.0,0.0,0.0,0.0,1.0,0.0,0.0
1729688,0.0,0.0,0.0,0.0,0.0,0.0,0.0,0.0
1730259,0.0,0.0,0.0,0.0,0.0,1.0,0.0,0.0
1733111,0.0,0.0,0.0,0.0,0.0,2.0,0.0,0.0
1734612,0.0,0.0,0.0,0.0,0.0,0.0,0.0,0.0
1744751,0.0,0.0,0.0,0.0,0.0,1.0,0.0,0.0
1746255,0.0,0.0,0.0,0.0,0.0,0.0,0.0,0.0
1747398,0.0,0.0,0.0,0.0,0.0,1.0,0.0,0.0
1748103,0.0,0.0,0.0,0.0,0.0,2.0,0.0,0.0
1749604,0.0,0.0,0.0,0.0,0.0,0.0,0.0,0.0
1750351,0.0,0.0,0.0,0.0,0.0,1.0,0.0,0.0
1751854,0.0,0.0,0.0,0.0,0.0,0.0,0.0,0.0
1752268,0.0,0.0,0.0,0.0,0.0,1.0,0.0,0.0
1754110,0.0,2.0,0.0,0.0,0.0,1.0,0.0,0.0
1755611,0.0,0.0,0.0,0.0,0.0,1.0,0.0,0.0
1756322,0.0,0.0,0.0,0.0,0.0,0.0,0.0,0.0
1756379,0.0,0.0,0.0,0.0,0.0,1.0,0.0,0.0
1760036,0.0,0.0,0.0,0.0,0.0,0.0,0.0,0.0
1761432,0.0,0.0,0.0,0.0,0.0,1.0,0.0,0.0
1762105,0.0,0.0,0.0,0.0,0.0,2.0,0.0,0.0
1762189,2.0,0.0,0.0,0.0,0.0,2.0,1.0,0.0
1762190,0.0,0.0,0.0,0.0,0.0,0.0,0.0,0.0
1762505,0.0,0.0,0.0,1.0,0.0,0.0,0.0,0.0
1762517,0.0,0.0,1.0,1.0,0.0,0.0,0.0,0.0
1762755,0.0,0.0,1.0,1.0,0.0,1.0,0.0,0.0
1762983,0.0,0.0,1.0,2.0,0.0,1.0,0.0,0.0
1763697,0.0,0.0,2.0,2.0,0.0,1.0,0.0,0.0
1764256,0.0,0.0,2.0,2.0,0.0,0.0,0.0,0.0
1765198,0.0,0.0,0.0,2.0,0.0,0.0,0.0,0.0
1765217,0.0,0.0,1.0,2.0,0.0,0.0,0.0,0.0
1766984,0.0,0.0,1.0,2.0,0.0,1.0,0.0,0.0
1766985,0.0,0.0,1.0,2.0,0.0,2.0,0.0,0.0
1767392,0.0,0.0,0.0,2.0,0.0,2.0,0.0,0.0
1768486,0.0,0.0,0.0,2.0,0.0,0.0,0.0,0.0
1768971,0.0,0.0,0.0,0.0,0.0,0.0,0.0,0.0
1769277,0.0,0.0,0.0,0.0,1.0,0.0,0.0,0.0
1770778,0.0,0.0,0.0,0.0,0.0,0.0,0.0,0.0
1774556,0.0,0.0,0.0,0.0,0.0,1.0,0.0,0.0
1775340,0.0,0.0,0.0,1.0,0.0,1.0,0.0,0.0
1776644,0.0,0.0,0.0,1.0,0.0,0.0,0.0,0.0
1780642,0.0,0.0,0.0,0.0,0.0,0.0,0.0,0.0
1781236,0.0,0.0,0.0,1.0,0.0,0.0,0.0,0.0
1782887,0.0,0.0,0.0,0.0,0.0,0.0,0.0,0.0
1784125,0.0,0.0,0.0,0.0,0.0,1.0,0.0,0.0
1784170,0.0,0.0,0.0,1.0,0.0,1.0,0.0,0.0
1785673,0.0,0.0,0.0,1.0,0.0,0.0,0.0,0.0
1789666,0.0,0.0,0.0,1.0,1.0,0.0,0.0,0.0
1791087,0.0,0.0,0.0,0.0,1.0,0.0,0.0,0.0
1791169,0.0,0.0,0.0,0.0,0.0,0.0,0.0,0.0
1791773,0.0,0.0,0.0,0.0,0.0,1.0,0.0,0.0
1792146,0.0,0.0,0.0,1.0,0.0,1.0,0.0,0.0
1794939,0.0,0.0,0.0,1.0,0.0,0.0,0.0,0.0
1796667,0.0,0.0,0.0,1.0,0.0,1.0,0.0,0.0
1799108,0.0,0.0,0.0,1.0,0.0,0.0,0.0,0.0
1799338,0.0,0.0,0.0,1.0,0.0,1.0,0.0,0.0
1800387,0.0,0.0,1.0,1.0,0.0,1.0,0.0,0.0
1800842,0.0,0.0,1.0,1.0,0.0,0.0,0.0,0.0
1801188,0.0,0.0,1.0,1.0,0.0,1.0,0.0,0.0
1802689,0.0,0.0,1.0,1.0,0.0,0.0,0.0,0.0
1803588,0.0,0.0,1.0,1.0,0.0,1.0,0.0,0.0
1804568,0.0,0.0,0.0,1.0,0.0,1.0,0.0,0.0
1805839,0.0,0.0,0.0,1.0,0.0,2.0,0.0,0.0
1807340,0.0,0.0,0.0,1.0,0.0,0.0,0.0,0.0
1807735,0.0,0.0,1.0,1.0,0.0,0.0,0.0,0.0
1809696,0.0,0.0,1.0,1.0,0.0,1.0,0.0,0.0
1809701,0.0,0.0,1.0,1.0,0.0,2.0,0.0,0.0
1810260,0.0,0.0,0.0,1.0,0.0,2.0,0.0,0.0
1810655,0.0,0.0,1.0,1.0,0.0,2.0,0.0,0.0
1811202,0.0,0.0,1.0,1.0,0.0,0.0,0.0,0.0
1812201,0.0,0.0,0.0,1.0,0.0,0.0,0.0,0.0
1813763,0.0,0.0,0.0,1.0,0.0,1.0,0.0,0.0
1815267,0.0,0.0,0.0,1.0,0.0,0.0,0.0,0.0
1816646,0.0,0.0,0.0,1.0,0.0,1.0,0.0,0.0
1817000,0.0,0.0,0.0,1.0,0.0,1.0,0.0,1.0
1817001,0.0,0.0,0.0,1.0,0.0,1.0,0.0,0.0
1817916,0.0,0.0,1.0,1.0,0.0,1.0,0.0,0.0
1818243,0.0,2.0,1.0,1.0,0.0,1.0,0.0,0.0
1818605,2.0,2.0,1.0,1.0,0.0,1.0,1.0,0.0
1818606,0.0,0.0,0.0,0.0,0.0,0.0,0.0,0.0
1818723,0.0,0.0,0.0,1.0,0.0,0.0,0.0,0.0
1818740,0.0,0.0,0.0,2.0,0.0,0.0,0.0,0.0
1818749,0.0,0.0,1.0,2.0,0.0,0.0,0.0,0.0
1819781,0.0,0.0,1.0,2.0,0.0,1.0,0.0,0.0
1820332,0.0,0.0,2.0,2.0,0.0,1.0,0.0,0.0
1821517,0.0,0.0,2.0,2.0,0.0,2.0,0.0,0.0
1822773,0.0,2.0,2.0,2.0,0.0,2.0,0.0,0.0
1822828,0.0,2.0,0.0,2.0,0.0,2.0,0.0,0.0
1823018,0.0,2.0,0.0,2.0,0.0,0.0,0.0,0.0
1823519,0.0,2.0,0.0,2.0,0.0,1.0,0.0,0.0
1823869,0.0,2.0,0.0,0.0,0.0,1.0,0.0,0.0
1824274,0.0,0.0,0.0,0.0,0.0,1.0,0.0,0.0
1825020,0.0,0.0,0.0,0.0,0.0,0.0,0.0,0.0
1826225,0.0,0.0,0.0,0.0,0.0,1.0,0.0,0.0
1826229,0.0,0.0,0.0,0.0,0.0,2.0,0.0,0.0
1827730,0.0,0.0,0.0,0.0,0.0,0.0,0.0,0.0
1830890,0.0,0.0,0.0,0.0,0.0,1.0,0.0,0.0
1832309,0.0,0.0,0.0,1.0,0.0,1.0,0.0,0.0
1833263,0.0,0.0,0.0,1.0,0.0,0.0,0.0,0.0
1833356,0.0,0.0,0.0,1.0,0.0,1.0,0.0,0.0
1836331,0.0,0.0,0.0,1.0,0.0,0.0,0.0,0.0
1836694,0.0,0.0,0.0,1.0,0.0,1.0,0.0,0.0
1836761,0.0,0.0,0.0,1.0,0.0,2.0,0.0,0.0
1838262,0.0,0.0,0.0,1.0,0.0,0.0,0.0,0.0
1838671,0.0,0.0,0.0,1.0,0.0,1.0,0.0,0.0
1840874,0.0,0.0,0.0,1.0,0.0,0.0,0.0,0.0
1841038,0.0,0.0,0.0,1.0,0.0,1.0,0.0,0.0
1841040,0.0,0.0,0.0,1.0,0.0,2.0,0.0,0.0
1841675,0.0,0.0,0.0,0.0,0.0,2.0,0.0,0.0
1842541,0.0,0.0,0.0,0.0,0.0,0.0,0.0,0.0
1843009,0.0,0.0,0.0,0.0,0.0,1.0,0.0,0.0
1846526,0.0,0.0,0.0,1.0,0.0,1.0,0.0,0.0
1846956,0.0,0.0,0.0,1.0,0.0,2.0,0.0,0.0
1849906,0.0,0.0,0.0,1.0,0.0,0.0,0.0,0.0
1850054,0.0,0.0,0.0,1.0,0.0,1.0,0.0,0.0
1851555,0.0,0.0,0.0,1.0,0.0,0.0,0.0,0.0
1852532,0.0,0.0,0.0,1.0,0.0,1.0,0.0,0.0
1854042,0.0,0.0,0.0,1.0,0.0,0.0,0.0,0.0
1855030,0.0,0.0,0.0,1.0,0.0,1.0,0.0,0.0
1856548,0.0,0.0,0.0,1.0,0.0,2.0,0.0,0.0
1857762,0.0,2.0,0.0,1.0,0.0,2.0,0.0,0.0
1858049,0.0,2.0,0.0,1.0,0.0,0.0,0.0,0.0
1859263,0.0,0.0,0.0,1.0,0.0,0.0,0.0,0.0
1860804,0.0,0.0,0.0,1.0,0.0,1.0,0.0,0.0
1863026,0.0,0.0,0.0,1.0,0.0,0.0,0.0,0.0
1864915,0.0,0.0,0.0,1.0,0.0,1.0,0.0,0.0
1866416,0.0,0.0,0.0,1.0,0.0,0.0,0.0,0.0
1866427,0.0,0.0,0.0,1.0,0.0,1.0,0.0,0.0
1870451,0.0,0.0,0.0,1.0,0.0,0.0,0.0,0.0
1870594,0.0,0.0,0.0,1.0,0.0,1.0,0.0,0.0
1872100,0.0,0.0,0.0,1.0,0.0,0.0,0.0,0.0
1873677,0.0,0.0,0.0,1.0,0.0,1.0,0.0,0.0
1875189,0.0,0.0,0.0,1.0,0.0,0.0,0.0,0.0
1875345,0.0,0.0,0.0,1.0,0.0,1.0,0.0,0.0
1875748,0.0,0.0,0.0,1.0,0.0,2.0,0.0,0.0
1875816,0.0,0.0,0.0,0.0,0.0,2.0,0.0,0.0
1877249,0.0,0.0,0.0,0.0,0.0,0.0,0.0,0.0
1879639,0.0,0.0,0.0,0.0,0.0,1.0,0.0,0.0
1879646,0.0,0.0,0.0,0.0,0.0,2.0,0.0,0.0
1879651,0.0,0.0,0.0,0.0,1.0,2.0,0.0,0.0
1881147,0.0,0.0,0.0,0.0,1.0,0.0,0.0,0.0
1881171,0.0,0.0,0.0,0.0,0.0,0.0,0.0,0.0
1882748,0.0,0.0,0.0,0.0,0.0,1.0,0.0,0.0
1883901,0.0,0.0,0.0,0.0,0.0,2.0,0.0,0.0
1885402,0.0,0.0,0.0,0.0,0.0,0.0,0.0,0.0
1885560,0.0,0.0,0.0,0.0,0.0,1.0,0.0,0.0
1886823,0.0,0.0,0.0,0.0,0.0,2.0,0.0,0.0
1888324,0.0,0.0,0.0,0.0,0.0,0.0,0.0,0.0
1888416,0.0,0.0,0.0,0.0,0.0,1.0,0.0,0.0
1888620,0.0,0.0,0.0,0.0,0.0,2.0,0.0,0.0
1889358,0.0,0.0,0.0,0.0,1.0,2.0,0.0,0.0
1889364,0.0,0.0,0.0,0.0,2.0,2.0,0.0,0.0
1890848,0.0,0.0,0.0,0.0,2.0,0.0,0.0,0.0
1890865,0.0,0.0,0.0,0.0,0.0,0.0,0.0,0.0
1891525,0.0,0.0,0.0,0.0,0.0,1.0,0.0,0.0
1893424,0.0,0.0,0.0,0.0,0.0,0.0,0.0,0.0
1895705,0.0,0.0,0.0,0.0,0.0,1.0,0.0,0.0
1895992,0.0,0.0,0.0,0.0,0.0,2.0,0.0,0.0
1897493,0.0,0.0,0.0,0.0,0.0,0.0,0.0,0.0
1897875,0.0,0.0,0.0,0.0,0.0,1.0,0.0,0.0
1898793,0.0,0.0,0.0,0.0,0.0,2.0,0.0,0.0
1901284,0.0,0.0,0.0,0.0,0.0,0.0,0.0,0.0
1901820,0.0,0.0,0.0,0.0,0.0,1.0,0.0,0.0
1903173,0.0,0.0,0.0,0.0,0.0,2.0,0.0,0.0
1904651,0.0,2.0,0.0,0.0,0.0,2.0,0.0,0.0
1906152,0.0,0.0,0.0,0.0,0.0,2.0,0.0,0.0
1906466,0.0,0.0,0.0,0.0,0.0,0.0,0.0,0.0
1907895,0.0,0.0,0.0,0.0,0.0,1.0,0.0,0.0
1909396,0.0,0.0,0.0,0.0,0.0,0.0,0.0,0.0
1910260,0.0,0.0,0.0,0.0,0.0,1.0,0.0,0.0
1910293,0.0,0.0,0.0,0.0,0.0,2.0,0.0,0.0
1911934,0.0,0.0,0.0,0.0,0.0,0.0,0.0,0.0
1911939,0.0,0.0,0.0,0.0,0.0,1.0,0.0,0.0
1913442,0.0,0.0,0.0,0.0,0.0,0.0,0.0,0.0
1913928,0.0,0.0,0.0,0.0,0.0,1.0,0.0,0.0
1920592,0.0,0.0,0.0,0.0,0.0,0.0,0.0,0.0
1920772,0.0,0.0,0.0,0.0,0.0,1.0,0.0,0.0
1922273,0.0,0.0,0.0,0.0,0.0,0.0,0.0,0.0
1926705,0.0,0.0,0.0,0.0,0.0,1.0,0.0,0.0
1928327,0.0,0.0,0.0,0.0,0.0,0.0,0.0,0.0
1929022,0.0,0.0,0.0,0.0,0.0,1.0,0.0,0.0
1930523,0.0,0.0,0.0,0.0,0.0,0.0,0.0,0.0
1932394,0.0,0.0,0.0,0.0,0.0,1.0,0.0,0.0
1933895,0.0,0.0,0.0,0.0,0.0,0.0,0.0,0.0
1934422,0.0,0.0,0.0,0.0,0.0,1.0,0.0,0.0
1936927,0.0,0.0,0.0,0.0,1.0,1.0,0.0,0.0
1938428,0.0,0.0,0.0,0.0,0.0,1.0,0.0,0.0
1941272,0.0,0.0,0.0,0.0,0.0,0.0,0.0,0.0
1944657,0.0,0.0,0.0,0.0,0.0,1.0,0.0,0.0
1949668,0.0,0.0,0.0,0.0,0.0,0.0,0.0,0.0
1950409,0.0,0.0,0.0,0.0,0.0,1.0,0.0,0.0
1950410,0.0,0.0,0.0,0.0,0.0,2.0,0.0,0.0
1951911,0.0,0.0,0.0,0.0,0.0,0.0,0.0,0.0
1953469,0.0,0.0,0.0,0.0,0.0,1.0,0.0,0.0
1954971,0.0,0.0,0.0,0.0,0.0,0.0,0.0,0.0
1958278,0.0,0.0,0.0,0.0,0.0,1.0,0.0,0.0
1963130,0.0,0.0,0.0,0.0,0.0,0.0,0.0,0.0
1965877,0.0,0.0,0.0,0.0,0.0,1.0,0.0,0.0
1967409,0.0,0.0,0.0,0.0,0.0,0.0,0.0,0.0
1969266,0.0,0.0,0.0,0.0,0.0,1.0,0.0,0.0
1969267,0.0,0.0,0.0,0.0,0.0,2.0,0.0,0.0
1970768,0.0,0.0,0.0,0.0,0.0,0.0,0.0,0.0
1972065,0.0,0.0,0.0,0.0,0.0,1.0,0.0,0.0
1972894,0.0,0.0,0.0,0.0,0.0,2.0,0.0,0.0
1974395,0.0,0.0,0.0,0.0,0.0,0.0,0.0,0.0
1976492,0.0,0.0,0.0,0.0,0.0,1.0,0.0,0.0
1979220,0.0,0.0,0.0,0.0,0.0,0.0,0.0,0.0
1979396,0.0,0.0,0.0,0.0,0.0,1.0,0.0,0.0
1981487,0.0,0.0,0.0,0.0,0.0,0.0,0.0,0.0
1981971,0.0,0.0,0.0,0.0,0.0,1.0,0.0,0.0
1984386,0.0,0.0,0.0,0.0,0.0,0.0,0.0,0.0
1984613,0.0,0.0,0.0,0.0,0.0,1.0,0.0,0.0
1986737,0.0,0.0,0.0,0.0,0.0,2.0,0.0,0.0
1988238,0.0,0.0,0.0,0.0,0.0,0.0,0.0,0.0
1993396,0.0,0.0,0.0,0.0,0.0,1.0,0.0,0.0
1994898,0.0,0.0,0.0,0.0,0.0,0.0,0.0,0.0
1996019,0.0,0.0,0.0,0.0,0.0,1.0,0.0,0.0
1998685,0.0,0.0,0.0,0.0,0.0,0.0,0.0,0.0
2000609,0.0,0.0,0.0,0.0,0.0,1.0,0.0,0.0
2000610,0.0,0.0,0.0,0.0,0.0,2.0,0.0,0.0
2002111,0.0,0.0,0.0,0.0,0.0,0.0,0.0,0.0
2003775,0.0,0.0,0.0,0.0,0.0,1.0,0.0,0.0
2006119,0.0,0.0,0.0,0.0,0.0,0.0,0.0,0.0
2009441,0.0,0.0,0.0,0.0,0.0,1.0,0.0,0.0
2010947,0.0,0.0,0.0,0.0,0.0,0.0,0.0,0.0
2013640,0.0,0.0,0.0,0.0,0.0,1.0,0.0,0.0
2016084,0.0,0.0,0.0,0.0,0.0,0.0,0.0,0.0
2017784,0.0,0.0,0.0,0.0,0.0,1.0,0.0,0.0
2019000,0.0,0.0,0.0,0.0,0.0,1.0,0.0,1.0
2019001,0.0,0.0,0.0,0.0,0.0,1.0,0.0,0.0
2019799,0.0,0.0,0.0,0.0,0.0,2.0,0.0,0.0
