,ADWIN,CUSUM,DDM,HDDMAverage,HDDMWeighted,Prediction,Ground-Truth
879,0.0,0.0,1.0,0.0,0.0,0.0,0.0
881,0.0,0.0,0.0,0.0,0.0,0.0,0.0
900,0.0,0.0,1.0,0.0,0.0,0.0,0.0
906,0.0,0.0,0.0,0.0,0.0,0.0,0.0
11000,0.0,0.0,0.0,0.0,0.0,0.0,1.0
11001,0.0,0.0,0.0,0.0,0.0,0.0,0.0
11851,2.0,0.0,0.0,0.0,0.0,0.0,0.0
11852,0.0,0.0,0.0,0.0,0.0,0.0,0.0
11883,2.0,0.0,0.0,0.0,0.0,0.0,0.0
11884,0.0,0.0,0.0,0.0,0.0,0.0,0.0
12011,2.0,0.0,0.0,0.0,0.0,0.0,0.0
12012,0.0,0.0,0.0,0.0,0.0,0.0,0.0
12107,2.0,0.0,0.0,0.0,0.0,0.0,0.0
12108,0.0,0.0,0.0,0.0,0.0,0.0,0.0
12378,0.0,0.0,1.0,0.0,0.0,0.0,0.0
12389,0.0,0.0,0.0,0.0,0.0,0.0,0.0
12415,0.0,0.0,1.0,0.0,0.0,0.0,0.0
12417,0.0,0.0,0.0,0.0,0.0,0.0,0.0
12431,0.0,0.0,1.0,0.0,0.0,0.0,0.0
12473,0.0,0.0,0.0,0.0,0.0,0.0,0.0
12484,0.0,0.0,1.0,0.0,0.0,0.0,0.0
12500,0.0,0.0,0.0,0.0,0.0,0.0,0.0
12503,0.0,0.0,1.0,0.0,0.0,0.0,0.0
12939,2.0,0.0,1.0,0.0,0.0,0.0,0.0
12940,0.0,0.0,1.0,0.0,0.0,0.0,0.0
13359,0.0,0.0,2.0,0.0,0.0,0.0,0.0
13360,0.0,0.0,0.0,0.0,0.0,0.0,0.0
13403,0.0,0.0,1.0,0.0,0.0,0.0,0.0
13408,0.0,0.0,0.0,0.0,0.0,0.0,0.0
13409,0.0,0.0,1.0,0.0,0.0,0.0,0.0
13418,0.0,0.0,0.0,0.0,0.0,0.0,0.0
13421,0.0,0.0,1.0,0.0,0.0,0.0,0.0
13428,0.0,0.0,0.0,0.0,0.0,0.0,0.0
13434,0.0,0.0,1.0,0.0,0.0,0.0,0.0
13438,0.0,0.0,0.0,0.0,0.0,0.0,0.0
13439,0.0,0.0,1.0,1.0,0.0,0.0,0.0
13447,0.0,0.0,0.0,1.0,0.0,0.0,0.0
13452,0.0,0.0,0.0,0.0,0.0,0.0,0.0
13470,0.0,0.0,0.0,1.0,0.0,0.0,0.0
14086,0.0,0.0,0.0,2.0,0.0,1.0,0.0
14087,0.0,0.0,0.0,0.0,0.0,0.0,0.0
14281,0.0,0.0,1.0,0.0,0.0,0.0,0.0
14282,0.0,0.0,0.0,0.0,0.0,0.0,0.0
14291,0.0,0.0,1.0,0.0,0.0,0.0,0.0
14296,0.0,0.0,0.0,0.0,0.0,0.0,0.0
14332,0.0,0.0,1.0,0.0,0.0,0.0,0.0
14349,0.0,0.0,0.0,0.0,0.0,0.0,0.0
14355,0.0,0.0,1.0,0.0,0.0,0.0,0.0
14375,0.0,0.0,0.0,0.0,0.0,0.0,0.0
14398,0.0,0.0,1.0,0.0,0.0,0.0,0.0
14402,0.0,0.0,0.0,0.0,0.0,0.0,0.0
14407,0.0,0.0,1.0,0.0,0.0,0.0,0.0
14428,0.0,0.0,0.0,0.0,0.0,0.0,0.0
14437,0.0,0.0,1.0,0.0,0.0,0.0,0.0
14441,0.0,0.0,0.0,0.0,0.0,0.0,0.0
23000,0.0,0.0,0.0,0.0,0.0,0.0,1.0
23001,0.0,0.0,0.0,0.0,0.0,0.0,0.0
24038,2.0,0.0,0.0,0.0,0.0,0.0,0.0
24039,0.0,0.0,0.0,0.0,0.0,0.0,0.0
24102,2.0,0.0,0.0,0.0,0.0,0.0,0.0
24103,0.0,0.0,0.0,0.0,0.0,0.0,0.0
24211,0.0,0.0,1.0,0.0,0.0,0.0,0.0
24215,0.0,0.0,0.0,0.0,0.0,0.0,0.0
24307,0.0,0.0,1.0,0.0,0.0,0.0,0.0
24390,2.0,0.0,1.0,0.0,0.0,0.0,0.0
24391,0.0,0.0,1.0,0.0,0.0,0.0,0.0
24422,2.0,0.0,1.0,0.0,0.0,0.0,0.0
24423,0.0,0.0,1.0,0.0,0.0,0.0,0.0
24486,2.0,0.0,1.0,0.0,0.0,0.0,0.0
24487,0.0,0.0,1.0,0.0,0.0,0.0,0.0
24574,0.0,0.0,2.0,0.0,0.0,0.0,0.0
24575,0.0,0.0,0.0,0.0,0.0,0.0,0.0
24582,2.0,0.0,0.0,0.0,0.0,0.0,0.0
24583,0.0,0.0,0.0,0.0,0.0,0.0,0.0
24700,0.0,0.0,1.0,0.0,0.0,0.0,0.0
24706,0.0,0.0,0.0,0.0,0.0,0.0,0.0
24766,0.0,0.0,1.0,0.0,0.0,0.0,0.0
24770,0.0,0.0,0.0,0.0,0.0,0.0,0.0
24774,0.0,0.0,1.0,0.0,0.0,0.0,0.0
24786,0.0,0.0,0.0,0.0,0.0,0.0,0.0
24797,0.0,0.0,1.0,0.0,0.0,0.0,0.0
24801,0.0,0.0,0.0,0.0,0.0,0.0,0.0
24810,0.0,0.0,1.0,0.0,0.0,0.0,0.0
24817,0.0,0.0,0.0,0.0,0.0,0.0,0.0
24847,0.0,0.0,1.0,0.0,0.0,0.0,0.0
24848,0.0,0.0,0.0,0.0,0.0,0.0,0.0
24878,0.0,0.0,1.0,0.0,0.0,0.0,0.0
24879,0.0,0.0,0.0,0.0,0.0,0.0,0.0
24890,0.0,0.0,1.0,0.0,0.0,0.0,0.0
24894,0.0,0.0,0.0,0.0,0.0,0.0,0.0
25131,0.0,0.0,1.0,0.0,0.0,0.0,0.0
25268,0.0,0.0,0.0,0.0,0.0,0.0,0.0
25274,0.0,0.0,1.0,0.0,0.0,0.0,0.0
25283,0.0,0.0,0.0,0.0,0.0,0.0,0.0
25426,0.0,2.0,0.0,0.0,0.0,1.0,0.0
25427,0.0,0.0,0.0,0.0,0.0,0.0,0.0
25647,0.0,0.0,1.0,0.0,0.0,0.0,0.0
25658,0.0,0.0,0.0,0.0,0.0,0.0,0.0
25667,0.0,0.0,1.0,0.0,0.0,0.0,0.0
25744,0.0,0.0,2.0,0.0,0.0,0.0,0.0
25745,0.0,0.0,0.0,0.0,0.0,0.0,0.0
27212,0.0,0.0,1.0,0.0,0.0,0.0,0.0
27270,0.0,0.0,0.0,0.0,0.0,0.0,0.0
27275,0.0,0.0,1.0,0.0,0.0,0.0,0.0
27302,0.0,0.0,0.0,0.0,0.0,0.0,0.0
27577,0.0,0.0,1.0,0.0,0.0,0.0,0.0
27838,0.0,0.0,0.0,0.0,0.0,0.0,0.0
28100,0.0,0.0,1.0,0.0,0.0,0.0,0.0
28136,0.0,0.0,0.0,0.0,0.0,0.0,0.0
28162,0.0,0.0,1.0,0.0,0.0,0.0,0.0
28167,0.0,0.0,0.0,0.0,0.0,0.0,0.0
28182,0.0,0.0,1.0,0.0,0.0,0.0,0.0
28183,0.0,0.0,0.0,0.0,0.0,0.0,0.0
28187,0.0,0.0,1.0,0.0,0.0,0.0,0.0
28198,0.0,0.0,0.0,0.0,0.0,0.0,0.0
28202,0.0,0.0,1.0,0.0,0.0,0.0,0.0
28214,0.0,0.0,0.0,0.0,0.0,0.0,0.0
28225,0.0,0.0,1.0,0.0,0.0,0.0,0.0
28386,0.0,0.0,0.0,0.0,0.0,0.0,0.0
28391,0.0,0.0,1.0,0.0,0.0,0.0,0.0
28433,0.0,0.0,0.0,0.0,0.0,0.0,0.0
28443,0.0,0.0,1.0,0.0,0.0,0.0,0.0
28574,0.0,0.0,0.0,0.0,0.0,0.0,0.0
28580,0.0,0.0,1.0,0.0,0.0,0.0,0.0
28589,0.0,0.0,0.0,0.0,0.0,0.0,0.0
28619,0.0,0.0,1.0,0.0,0.0,0.0,0.0
28621,0.0,0.0,0.0,0.0,0.0,0.0,0.0
28626,0.0,0.0,1.0,0.0,0.0,0.0,0.0
28652,0.0,0.0,0.0,0.0,0.0,0.0,0.0
28653,0.0,0.0,1.0,0.0,0.0,0.0,0.0
28667,0.0,0.0,0.0,0.0,0.0,0.0,0.0
28671,0.0,0.0,1.0,0.0,0.0,0.0,0.0
28683,0.0,0.0,0.0,0.0,0.0,0.0,0.0
28696,0.0,0.0,1.0,0.0,0.0,0.0,0.0
28699,0.0,0.0,0.0,0.0,0.0,0.0,0.0
28718,0.0,0.0,1.0,0.0,0.0,0.0,0.0
29197,0.0,0.0,0.0,0.0,0.0,0.0,0.0
35000,0.0,0.0,0.0,0.0,0.0,0.0,1.0
35001,0.0,0.0,0.0,0.0,0.0,0.0,0.0
36018,2.0,0.0,0.0,0.0,0.0,0.0,0.0
36019,0.0,0.0,0.0,0.0,0.0,0.0,0.0
36210,2.0,0.0,0.0,0.0,0.0,0.0,0.0
36211,0.0,0.0,0.0,0.0,0.0,0.0,0.0
36242,2.0,0.0,0.0,0.0,0.0,0.0,0.0
36243,0.0,0.0,0.0,0.0,0.0,0.0,0.0
36434,2.0,0.0,0.0,0.0,0.0,0.0,0.0
36435,0.0,0.0,0.0,0.0,0.0,0.0,0.0
36984,0.0,0.0,1.0,0.0,0.0,0.0,0.0
37866,0.0,0.0,2.0,0.0,0.0,0.0,0.0
37867,0.0,0.0,0.0,0.0,0.0,0.0,0.0
37996,0.0,0.0,1.0,0.0,0.0,0.0,0.0
38009,0.0,0.0,2.0,0.0,0.0,0.0,0.0
38010,0.0,0.0,0.0,0.0,0.0,0.0,0.0
38898,2.0,0.0,0.0,0.0,0.0,0.0,0.0
38899,0.0,0.0,0.0,0.0,0.0,0.0,0.0
39020,0.0,2.0,0.0,0.0,0.0,1.0,0.0
39021,0.0,0.0,0.0,0.0,0.0,0.0,0.0
39090,0.0,0.0,1.0,0.0,0.0,0.0,0.0
39099,0.0,0.0,0.0,0.0,0.0,0.0,0.0
39108,0.0,0.0,1.0,0.0,0.0,0.0,0.0
39129,0.0,0.0,0.0,0.0,0.0,0.0,0.0
39132,0.0,0.0,1.0,0.0,0.0,0.0,0.0
39141,0.0,0.0,2.0,0.0,0.0,0.0,0.0
39142,0.0,0.0,0.0,0.0,0.0,0.0,0.0
39200,0.0,0.0,1.0,0.0,0.0,0.0,0.0
39201,0.0,0.0,2.0,0.0,0.0,0.0,0.0
39202,0.0,0.0,0.0,0.0,0.0,0.0,0.0
47000,0.0,0.0,0.0,0.0,0.0,0.0,1.0
47001,0.0,0.0,0.0,0.0,0.0,0.0,0.0
47846,0.0,0.0,1.0,0.0,0.0,0.0,0.0
47852,2.0,0.0,1.0,0.0,0.0,0.0,0.0
47853,0.0,0.0,1.0,0.0,0.0,0.0,0.0
47884,2.0,0.0,1.0,0.0,0.0,0.0,0.0
47885,0.0,0.0,1.0,0.0,0.0,0.0,0.0
48012,2.0,0.0,1.0,0.0,0.0,0.0,0.0
48013,0.0,0.0,1.0,0.0,0.0,0.0,0.0
48044,2.0,0.0,1.0,0.0,0.0,0.0,0.0
48045,0.0,0.0,1.0,0.0,0.0,0.0,0.0
48189,0.0,0.0,2.0,0.0,0.0,0.0,0.0
48190,0.0,0.0,0.0,0.0,0.0,0.0,0.0
48204,2.0,0.0,0.0,0.0,0.0,0.0,0.0
48205,0.0,0.0,0.0,0.0,0.0,0.0,0.0
48237,0.0,0.0,1.0,0.0,0.0,0.0,0.0
48239,0.0,0.0,2.0,0.0,0.0,0.0,0.0
48240,0.0,0.0,0.0,0.0,0.0,0.0,0.0
48268,2.0,0.0,0.0,0.0,0.0,0.0,0.0
48269,0.0,0.0,0.0,0.0,0.0,0.0,0.0
48336,0.0,0.0,1.0,0.0,0.0,0.0,0.0
48337,0.0,0.0,0.0,0.0,0.0,0.0,0.0
48339,0.0,0.0,1.0,0.0,0.0,0.0,0.0
48350,0.0,0.0,2.0,0.0,0.0,0.0,0.0
48351,0.0,0.0,0.0,0.0,0.0,0.0,0.0
48391,0.0,0.0,2.0,0.0,0.0,0.0,0.0
48392,0.0,0.0,0.0,0.0,0.0,0.0,0.0
49068,0.0,2.0,0.0,0.0,0.0,1.0,0.0
49069,0.0,0.0,0.0,0.0,0.0,0.0,0.0
49101,0.0,0.0,1.0,0.0,0.0,0.0,0.0
49105,0.0,0.0,0.0,0.0,0.0,0.0,0.0
49117,0.0,0.0,1.0,0.0,0.0,0.0,0.0
49119,0.0,0.0,0.0,0.0,0.0,0.0,0.0
49139,0.0,0.0,1.0,0.0,0.0,0.0,0.0
49146,0.0,0.0,0.0,0.0,0.0,0.0,0.0
49158,0.0,0.0,1.0,0.0,0.0,0.0,0.0
49159,0.0,0.0,0.0,0.0,0.0,0.0,0.0
49179,0.0,0.0,1.0,0.0,0.0,0.0,0.0
49197,0.0,0.0,0.0,0.0,0.0,0.0,0.0
49201,0.0,0.0,1.0,0.0,0.0,0.0,0.0
49209,0.0,0.0,0.0,0.0,0.0,0.0,0.0
49230,0.0,0.0,1.0,0.0,0.0,0.0,0.0
49234,0.0,0.0,0.0,0.0,0.0,0.0,0.0
49236,0.0,0.0,1.0,0.0,0.0,0.0,0.0
49246,0.0,0.0,0.0,0.0,0.0,0.0,0.0
49266,0.0,0.0,1.0,0.0,0.0,0.0,0.0
49270,0.0,0.0,0.0,0.0,0.0,0.0,0.0
49277,0.0,0.0,1.0,0.0,0.0,0.0,0.0
49282,0.0,0.0,0.0,0.0,0.0,0.0,0.0
49299,0.0,0.0,1.0,0.0,0.0,0.0,0.0
49307,0.0,0.0,0.0,0.0,0.0,0.0,0.0
50038,0.0,0.0,1.0,0.0,0.0,0.0,0.0
50074,0.0,0.0,0.0,0.0,0.0,0.0,0.0
50085,0.0,0.0,1.0,0.0,0.0,0.0,0.0
50091,0.0,0.0,0.0,0.0,0.0,0.0,0.0
50118,0.0,0.0,1.0,0.0,0.0,0.0,0.0
50124,0.0,0.0,0.0,0.0,0.0,0.0,0.0
50162,0.0,0.0,1.0,0.0,0.0,0.0,0.0
50174,0.0,0.0,0.0,0.0,0.0,0.0,0.0
50182,0.0,0.0,1.0,0.0,0.0,0.0,0.0
50191,0.0,0.0,0.0,0.0,0.0,0.0,0.0
50193,0.0,0.0,1.0,0.0,0.0,0.0,0.0
50240,0.0,0.0,0.0,0.0,0.0,0.0,0.0
50250,0.0,0.0,1.0,0.0,0.0,0.0,0.0
50257,0.0,0.0,0.0,0.0,0.0,0.0,0.0
50259,0.0,0.0,1.0,0.0,0.0,0.0,0.0
50273,0.0,0.0,0.0,0.0,0.0,0.0,0.0
50279,0.0,0.0,1.0,0.0,0.0,0.0,0.0
50290,0.0,0.0,0.0,0.0,0.0,0.0,0.0
50479,0.0,0.0,1.0,0.0,0.0,0.0,0.0
50504,0.0,0.0,0.0,0.0,0.0,0.0,0.0
50513,0.0,0.0,1.0,0.0,0.0,0.0,0.0
50537,0.0,0.0,0.0,0.0,0.0,0.0,0.0
50547,0.0,0.0,1.0,0.0,0.0,0.0,0.0
50570,0.0,0.0,0.0,0.0,0.0,0.0,0.0
50572,0.0,0.0,1.0,0.0,0.0,0.0,0.0
53313,0.0,0.0,0.0,0.0,0.0,0.0,0.0
53340,0.0,0.0,1.0,0.0,0.0,0.0,0.0
53346,0.0,0.0,0.0,0.0,0.0,0.0,0.0
53347,0.0,0.0,1.0,0.0,0.0,0.0,0.0
53490,0.0,0.0,0.0,0.0,0.0,0.0,0.0
53492,0.0,0.0,1.0,0.0,0.0,0.0,0.0
53507,0.0,0.0,0.0,0.0,0.0,0.0,0.0
53547,0.0,0.0,1.0,0.0,0.0,0.0,0.0
53555,0.0,0.0,0.0,0.0,0.0,0.0,0.0
53566,0.0,0.0,1.0,0.0,0.0,0.0,0.0
53571,0.0,0.0,0.0,0.0,0.0,0.0,0.0
53590,0.0,0.0,1.0,0.0,0.0,0.0,0.0
53603,0.0,0.0,0.0,0.0,0.0,0.0,0.0
53605,0.0,0.0,1.0,0.0,0.0,0.0,0.0
53635,0.0,0.0,0.0,0.0,0.0,0.0,0.0
59000,0.0,0.0,0.0,0.0,0.0,0.0,1.0
59001,0.0,0.0,0.0,0.0,0.0,0.0,0.0
60140,2.0,0.0,0.0,0.0,0.0,0.0,0.0
60141,0.0,0.0,0.0,0.0,0.0,0.0,0.0
60172,2.0,0.0,0.0,0.0,0.0,0.0,0.0
60173,0.0,0.0,0.0,0.0,0.0,0.0,0.0
60364,2.0,0.0,0.0,0.0,0.0,0.0,0.0
60365,0.0,0.0,0.0,0.0,0.0,0.0,0.0
60390,0.0,0.0,1.0,0.0,0.0,0.0,0.0
60684,2.0,0.0,1.0,0.0,0.0,0.0,0.0
60685,0.0,0.0,1.0,0.0,0.0,0.0,0.0
61079,0.0,0.0,2.0,0.0,0.0,0.0,0.0
61080,0.0,0.0,0.0,0.0,0.0,0.0,0.0
61109,0.0,0.0,2.0,0.0,0.0,0.0,0.0
61110,0.0,0.0,0.0,0.0,0.0,0.0,0.0
61167,0.0,0.0,1.0,0.0,0.0,0.0,0.0
61168,0.0,0.0,0.0,0.0,0.0,0.0,0.0
61609,0.0,0.0,0.0,1.0,0.0,0.0,0.0
61621,0.0,0.0,0.0,0.0,0.0,0.0,0.0
61636,0.0,0.0,0.0,1.0,0.0,0.0,0.0
61689,0.0,0.0,0.0,0.0,0.0,0.0,0.0
61694,0.0,0.0,0.0,1.0,0.0,0.0,0.0
61872,0.0,0.0,0.0,0.0,0.0,0.0,0.0
61889,0.0,0.0,0.0,1.0,0.0,0.0,0.0
61895,0.0,0.0,0.0,0.0,0.0,0.0,0.0
61929,0.0,0.0,0.0,1.0,0.0,0.0,0.0
61988,0.0,0.0,0.0,0.0,0.0,0.0,0.0
61999,0.0,0.0,0.0,1.0,0.0,0.0,0.0
62011,0.0,0.0,0.0,0.0,0.0,0.0,0.0
62329,0.0,0.0,0.0,1.0,0.0,0.0,0.0
62337,0.0,0.0,0.0,0.0,0.0,0.0,0.0
62377,0.0,0.0,0.0,1.0,0.0,0.0,0.0
62501,0.0,0.0,0.0,0.0,0.0,0.0,0.0
62505,0.0,0.0,0.0,1.0,0.0,0.0,0.0
62548,0.0,0.0,0.0,0.0,0.0,0.0,0.0
62553,0.0,0.0,0.0,1.0,0.0,0.0,0.0
62571,0.0,0.0,0.0,0.0,0.0,0.0,0.0
62582,0.0,0.0,0.0,1.0,0.0,0.0,0.0
62849,0.0,2.0,0.0,1.0,0.0,1.0,0.0
62850,0.0,0.0,0.0,0.0,0.0,0.0,0.0
63346,0.0,0.0,1.0,0.0,0.0,0.0,0.0
63349,0.0,0.0,0.0,0.0,0.0,0.0,0.0
71000,0.0,0.0,0.0,0.0,0.0,0.0,1.0
71001,0.0,0.0,0.0,0.0,0.0,0.0,0.0
71969,2.0,0.0,0.0,0.0,0.0,0.0,0.0
71970,0.0,0.0,0.0,0.0,0.0,0.0,0.0
72030,0.0,0.0,1.0,0.0,0.0,0.0,0.0
72033,2.0,0.0,1.0,0.0,0.0,0.0,0.0
72034,0.0,0.0,1.0,0.0,0.0,0.0,0.0
72065,2.0,0.0,1.0,0.0,0.0,0.0,0.0
72066,0.0,0.0,1.0,0.0,0.0,0.0,0.0
72449,2.0,0.0,1.0,0.0,0.0,0.0,0.0
72450,0.0,0.0,1.0,0.0,0.0,0.0,0.0
73067,0.0,0.0,2.0,0.0,0.0,0.0,0.0
73068,0.0,0.0,0.0,0.0,0.0,0.0,0.0
73107,0.0,0.0,1.0,0.0,0.0,0.0,0.0
73112,0.0,0.0,0.0,0.0,0.0,0.0,0.0
73244,0.0,0.0,1.0,0.0,0.0,0.0,0.0
73245,0.0,0.0,0.0,0.0,0.0,0.0,0.0
73248,0.0,0.0,1.0,0.0,0.0,0.0,0.0
73304,0.0,0.0,2.0,0.0,0.0,0.0,0.0
73305,0.0,0.0,0.0,0.0,0.0,0.0,0.0
73336,0.0,0.0,1.0,0.0,0.0,0.0,0.0
73340,0.0,0.0,0.0,0.0,0.0,0.0,0.0
73375,0.0,0.0,1.0,0.0,0.0,0.0,0.0
73377,0.0,0.0,0.0,0.0,0.0,0.0,0.0
73388,0.0,0.0,1.0,0.0,0.0,0.0,0.0
73409,2.0,0.0,1.0,0.0,0.0,0.0,0.0
73410,0.0,0.0,1.0,0.0,0.0,0.0,0.0
73421,0.0,0.0,0.0,0.0,0.0,0.0,0.0
73488,0.0,0.0,1.0,0.0,0.0,0.0,0.0
73491,0.0,0.0,0.0,0.0,0.0,0.0,0.0
73494,0.0,0.0,1.0,0.0,0.0,0.0,0.0
73532,0.0,0.0,0.0,0.0,0.0,0.0,0.0
73545,0.0,0.0,1.0,0.0,0.0,0.0,0.0
73713,0.0,2.0,1.0,0.0,0.0,1.0,0.0
73714,0.0,0.0,0.0,0.0,0.0,0.0,0.0
73749,0.0,0.0,2.0,0.0,0.0,0.0,0.0
73750,0.0,0.0,0.0,0.0,0.0,0.0,0.0
73788,0.0,0.0,2.0,0.0,0.0,0.0,0.0
73789,0.0,0.0,0.0,0.0,0.0,0.0,0.0
73963,0.0,0.0,1.0,0.0,0.0,0.0,0.0
73993,0.0,0.0,0.0,0.0,0.0,0.0,0.0
74007,0.0,0.0,1.0,0.0,0.0,0.0,0.0
74011,0.0,0.0,0.0,0.0,0.0,0.0,0.0
74024,0.0,0.0,1.0,0.0,0.0,0.0,0.0
74029,0.0,0.0,0.0,0.0,0.0,0.0,0.0
74032,0.0,0.0,1.0,0.0,0.0,0.0,0.0
74047,0.0,0.0,0.0,0.0,0.0,0.0,0.0
74053,0.0,0.0,1.0,0.0,0.0,0.0,0.0
74079,0.0,0.0,2.0,0.0,0.0,0.0,0.0
74080,0.0,0.0,0.0,0.0,0.0,0.0,0.0
74117,0.0,0.0,1.0,0.0,0.0,0.0,0.0
74122,0.0,0.0,0.0,0.0,0.0,0.0,0.0
74128,0.0,0.0,1.0,0.0,0.0,0.0,0.0
74138,0.0,0.0,0.0,0.0,0.0,0.0,0.0
74140,0.0,0.0,1.0,0.0,0.0,0.0,0.0
74153,0.0,0.0,2.0,0.0,0.0,0.0,0.0
74154,0.0,0.0,0.0,0.0,0.0,0.0,0.0
74224,0.0,0.0,1.0,0.0,0.0,0.0,0.0
74228,0.0,0.0,2.0,0.0,0.0,0.0,0.0
74229,0.0,0.0,0.0,0.0,0.0,0.0,0.0
74263,0.0,0.0,1.0,0.0,0.0,0.0,0.0
74267,0.0,0.0,0.0,0.0,0.0,0.0,0.0
74272,0.0,0.0,1.0,0.0,0.0,0.0,0.0
74282,0.0,0.0,0.0,0.0,0.0,0.0,0.0
74333,0.0,0.0,1.0,0.0,0.0,0.0,0.0
74338,0.0,0.0,0.0,0.0,0.0,0.0,0.0
74343,0.0,0.0,1.0,0.0,0.0,0.0,0.0
74351,0.0,0.0,0.0,0.0,0.0,0.0,0.0
74361,0.0,0.0,1.0,0.0,0.0,0.0,0.0
74365,0.0,0.0,0.0,0.0,0.0,0.0,0.0
74377,0.0,0.0,1.0,0.0,0.0,0.0,0.0
74378,0.0,0.0,0.0,0.0,0.0,0.0,0.0
74382,0.0,0.0,1.0,0.0,0.0,0.0,0.0
74391,0.0,0.0,0.0,0.0,0.0,0.0,0.0
74402,0.0,0.0,1.0,0.0,0.0,0.0,0.0
74404,0.0,0.0,0.0,0.0,0.0,0.0,0.0
83000,0.0,0.0,0.0,0.0,0.0,0.0,1.0
83001,0.0,0.0,0.0,0.0,0.0,0.0,0.0
84145,2.0,0.0,0.0,0.0,0.0,0.0,0.0
84146,0.0,0.0,0.0,0.0,0.0,0.0,0.0
84177,2.0,0.0,0.0,0.0,0.0,0.0,0.0
84178,0.0,0.0,0.0,0.0,0.0,0.0,0.0
84285,0.0,0.0,1.0,0.0,0.0,0.0,0.0
84305,2.0,0.0,1.0,0.0,0.0,0.0,0.0
84306,0.0,0.0,1.0,0.0,0.0,0.0,0.0
84465,2.0,0.0,1.0,0.0,0.0,0.0,0.0
84466,0.0,0.0,1.0,0.0,0.0,0.0,0.0
84797,0.0,0.0,2.0,0.0,0.0,0.0,0.0
84798,0.0,0.0,0.0,0.0,0.0,0.0,0.0
84850,0.0,0.0,1.0,0.0,0.0,0.0,0.0
84854,0.0,0.0,2.0,0.0,0.0,0.0,0.0
84855,0.0,0.0,0.0,0.0,0.0,0.0,0.0
84907,0.0,0.0,1.0,0.0,0.0,0.0,0.0
84915,0.0,0.0,0.0,0.0,0.0,0.0,0.0
85488,0.0,0.0,1.0,0.0,0.0,0.0,0.0
85638,0.0,2.0,1.0,0.0,0.0,1.0,0.0
85639,0.0,0.0,0.0,0.0,0.0,0.0,0.0
85806,0.0,0.0,1.0,0.0,0.0,0.0,0.0
85808,0.0,0.0,1.0,1.0,0.0,0.0,0.0
85809,0.0,0.0,1.0,0.0,0.0,0.0,0.0
85917,0.0,0.0,0.0,0.0,0.0,0.0,0.0
85923,0.0,0.0,1.0,0.0,0.0,0.0,0.0
85930,0.0,0.0,0.0,0.0,0.0,0.0,0.0
95000,0.0,0.0,0.0,0.0,0.0,0.0,1.0
95001,0.0,0.0,0.0,0.0,0.0,0.0,0.0
96006,2.0,0.0,0.0,0.0,0.0,0.0,0.0
96007,0.0,0.0,0.0,0.0,0.0,0.0,0.0
96070,2.0,0.0,0.0,0.0,0.0,0.0,0.0
96071,0.0,0.0,0.0,0.0,0.0,0.0,0.0
96134,2.0,0.0,0.0,0.0,0.0,0.0,0.0
96135,0.0,0.0,0.0,0.0,0.0,0.0,0.0
96262,2.0,0.0,0.0,0.0,0.0,0.0,0.0
96263,0.0,0.0,0.0,0.0,0.0,0.0,0.0
96266,0.0,0.0,1.0,0.0,0.0,0.0,0.0
96384,0.0,0.0,0.0,0.0,0.0,0.0,0.0
96519,0.0,0.0,1.0,0.0,0.0,0.0,0.0
96934,2.0,0.0,1.0,0.0,0.0,0.0,0.0
96935,0.0,0.0,1.0,0.0,0.0,0.0,0.0
97232,0.0,0.0,2.0,0.0,0.0,0.0,0.0
97233,0.0,0.0,0.0,0.0,0.0,0.0,0.0
97288,0.0,0.0,1.0,0.0,0.0,0.0,0.0
97291,0.0,0.0,0.0,0.0,0.0,0.0,0.0
97297,0.0,0.0,1.0,0.0,0.0,0.0,0.0
97301,0.0,0.0,0.0,0.0,0.0,0.0,0.0
97335,0.0,0.0,1.0,0.0,0.0,0.0,0.0
97348,0.0,0.0,0.0,0.0,0.0,0.0,0.0
97799,0.0,0.0,1.0,0.0,0.0,0.0,0.0
98026,0.0,0.0,1.0,1.0,0.0,0.0,0.0
98057,0.0,2.0,1.0,1.0,0.0,1.0,0.0
98058,0.0,0.0,0.0,0.0,0.0,0.0,0.0
98099,0.0,0.0,2.0,0.0,0.0,0.0,0.0
98100,0.0,0.0,0.0,0.0,0.0,0.0,0.0
98151,0.0,0.0,1.0,0.0,0.0,0.0,0.0
98158,0.0,0.0,0.0,0.0,0.0,0.0,0.0
98159,0.0,0.0,2.0,0.0,0.0,0.0,0.0
98160,0.0,0.0,0.0,0.0,0.0,0.0,0.0
98194,0.0,0.0,1.0,0.0,0.0,0.0,0.0
98197,0.0,0.0,0.0,0.0,0.0,0.0,0.0
98505,0.0,0.0,1.0,0.0,0.0,0.0,0.0
99053,0.0,0.0,0.0,0.0,0.0,0.0,0.0
99054,0.0,0.0,1.0,0.0,0.0,0.0,0.0
99091,0.0,0.0,0.0,0.0,0.0,0.0,0.0
107000,0.0,0.0,0.0,0.0,0.0,0.0,1.0
107001,0.0,0.0,0.0,0.0,0.0,0.0,0.0
107881,2.0,0.0,0.0,0.0,0.0,0.0,0.0
107882,0.0,0.0,0.0,0.0,0.0,0.0,0.0
107913,2.0,0.0,0.0,0.0,0.0,0.0,0.0
107914,0.0,0.0,0.0,0.0,0.0,0.0,0.0
107945,2.0,0.0,0.0,0.0,0.0,0.0,0.0
107946,0.0,0.0,0.0,0.0,0.0,0.0,0.0
107955,0.0,0.0,1.0,0.0,0.0,0.0,0.0
107977,2.0,0.0,1.0,0.0,0.0,0.0,0.0
107978,0.0,0.0,1.0,0.0,0.0,0.0,0.0
107981,0.0,0.0,0.0,0.0,0.0,0.0,0.0
107982,0.0,0.0,1.0,0.0,0.0,0.0,0.0
108073,2.0,0.0,1.0,0.0,0.0,0.0,0.0
108074,0.0,0.0,1.0,0.0,0.0,0.0,0.0
108137,2.0,0.0,1.0,0.0,0.0,0.0,0.0
108138,0.0,0.0,1.0,0.0,0.0,0.0,0.0
108633,0.0,0.0,2.0,0.0,0.0,0.0,0.0
108634,0.0,0.0,0.0,0.0,0.0,0.0,0.0
109072,0.0,0.0,1.0,0.0,0.0,0.0,0.0
109076,0.0,0.0,0.0,0.0,0.0,0.0,0.0
109086,0.0,0.0,1.0,0.0,0.0,0.0,0.0
109134,0.0,0.0,0.0,0.0,0.0,0.0,0.0
110212,0.0,0.0,1.0,0.0,0.0,0.0,0.0
110218,0.0,0.0,0.0,0.0,0.0,0.0,0.0
110765,0.0,0.0,1.0,1.0,0.0,0.0,0.0
110766,0.0,2.0,1.0,1.0,0.0,1.0,0.0
110767,0.0,0.0,0.0,0.0,0.0,0.0,0.0
110937,0.0,0.0,1.0,0.0,0.0,0.0,0.0
110943,0.0,0.0,0.0,0.0,0.0,0.0,0.0
110977,0.0,0.0,1.0,0.0,0.0,0.0,0.0
110979,0.0,0.0,0.0,0.0,0.0,0.0,0.0
110980,0.0,0.0,1.0,0.0,0.0,0.0,0.0
111003,0.0,0.0,0.0,0.0,0.0,0.0,0.0
111006,0.0,0.0,1.0,0.0,0.0,0.0,0.0
111027,0.0,0.0,0.0,0.0,0.0,0.0,0.0
111029,0.0,0.0,1.0,0.0,0.0,0.0,0.0
111038,0.0,0.0,0.0,0.0,0.0,0.0,0.0
111039,0.0,0.0,1.0,0.0,0.0,0.0,0.0
111050,0.0,0.0,0.0,0.0,0.0,0.0,0.0
112164,0.0,0.0,1.0,0.0,0.0,0.0,0.0
112441,0.0,0.0,0.0,0.0,0.0,0.0,0.0
112456,0.0,0.0,1.0,0.0,0.0,0.0,0.0
112457,0.0,0.0,0.0,0.0,0.0,0.0,0.0
112462,0.0,0.0,1.0,0.0,0.0,0.0,0.0
112472,0.0,0.0,0.0,0.0,0.0,0.0,0.0
112484,0.0,0.0,1.0,0.0,0.0,0.0,0.0
112488,0.0,0.0,0.0,0.0,0.0,0.0,0.0
112491,0.0,0.0,1.0,0.0,0.0,0.0,0.0
113533,0.0,0.0,0.0,0.0,0.0,0.0,0.0
113539,0.0,0.0,1.0,0.0,0.0,0.0,0.0
113549,0.0,0.0,0.0,0.0,0.0,0.0,0.0
119000,0.0,0.0,0.0,0.0,0.0,0.0,1.0
119001,0.0,0.0,0.0,0.0,0.0,0.0,0.0
119854,2.0,0.0,0.0,0.0,0.0,0.0,0.0
119855,0.0,0.0,0.0,0.0,0.0,0.0,0.0
119950,2.0,0.0,0.0,0.0,0.0,0.0,0.0
119951,0.0,0.0,0.0,0.0,0.0,0.0,0.0
120075,0.0,0.0,1.0,0.0,0.0,0.0,0.0
120083,0.0,0.0,0.0,0.0,0.0,0.0,0.0
120136,0.0,0.0,1.0,0.0,0.0,0.0,0.0
120149,0.0,0.0,0.0,0.0,0.0,0.0,0.0
120151,0.0,0.0,1.0,0.0,0.0,0.0,0.0
120270,2.0,0.0,1.0,0.0,0.0,0.0,0.0
120271,0.0,0.0,1.0,0.0,0.0,0.0,0.0
